work_id	composer_id	imslp_pageid	imslp_work_url	title	imslp_genre_categories	has_files	fetched_at
6 Airs variés, Series I, Op.89 (Dancla, Charles)	Q1064049	11342	https://imslp.org/wiki/6_Airs_vari%C3%A9s%2C_Series_I%2C_Op.89_%28Dancla%2C_Charles%29	6 Airs variés, Series I, Op.89	For 2 players|For violin, piano|Variations		2026-09-24T15:06:37.507932+00:00
6 Airs variés, Series II, Op.118 (Dancla, Charles)	Q1064049	205768	https://imslp.org/wiki/6_Airs_vari%C3%A9s%2C_Series_II%2C_Op.118_%28Dancla%2C_Charles%29	6 Airs variés, Series II, Op.118	For 2 players|For violin, piano|Variations		2026-09-24T15:06:37.507932+00:00
Album du Jeune Violiniste, Op.159 (Dancla, Charles)	Q1064049	1623962	https://imslp.org/wiki/Album_du_Jeune_Violiniste%2C_Op.159_%28Dancla%2C_Charles%29	Album du Jeune Violiniste, Op.159			2026-09-24T15:06:37.507932+00:00
Andante et petit rondeau, Op.154 (Dancla, Charles)	Q1064049	446282	https://imslp.org/wiki/Andante_et_petit_rondeau%2C_Op.154_%28Dancla%2C_Charles%29	Andante et petit rondeau, Op.154			2026-09-24T15:06:37.507932+00:00
Andante mélodique, Op.214 (Dancla, Charles)	Q1064049	401362	https://imslp.org/wiki/Andante_m%C3%A9lodique%2C_Op.214_%28Dancla%2C_Charles%29	Andante mélodique, Op.214			2026-09-24T15:06:37.507932+00:00
Andante religioso, Op.186 (Dancla, Charles)	Q1064049	858505	https://imslp.org/wiki/Andante_religioso%2C_Op.186_%28Dancla%2C_Charles%29	Andante religioso, Op.186			2026-09-24T15:06:37.507932+00:00
Andantino et polonaise brillante, Op.112 (Dancla, Charles)	Q1064049	846530	https://imslp.org/wiki/Andantino_et_polonaise_brillante%2C_Op.112_%28Dancla%2C_Charles%29	Andantino et polonaise brillante, Op.112			2026-09-24T15:06:37.507932+00:00
Ave Maria (Dancla, Charles)	Q1064049	421276	https://imslp.org/wiki/Ave_Maria_%28Dancla%2C_Charles%29	Ave Maria			2026-09-24T15:06:37.507932+00:00
Les bagneraises, Op.16 (Dancla, Charles)	Q1064049	954685	https://imslp.org/wiki/Les_bagneraises%2C_Op.16_%28Dancla%2C_Charles%29	Les bagneraises, Op.16			2026-09-24T15:06:37.507932+00:00
Le carnaval de Venise, Op.119 (Dancla, Charles)	Q1064049	429944	https://imslp.org/wiki/Le_carnaval_de_Venise%2C_Op.119_%28Dancla%2C_Charles%29	Le carnaval de Venise, Op.119			2026-09-24T15:06:37.507932+00:00
La charmille, Op.135 (Dancla, Charles)	Q1064049	96812	https://imslp.org/wiki/La_charmille%2C_Op.135_%28Dancla%2C_Charles%29	La charmille, Op.135	For 2 players|For violin, piano|Pieces		2026-09-24T15:06:37.507932+00:00
3 Concert Solos, Op.77 (Dancla, Charles)	Q1064049	97107	https://imslp.org/wiki/3_Concert_Solos%2C_Op.77_%28Dancla%2C_Charles%29	3 Concert Solos, Op.77	For 2 players|For strings with soloists (arr)|For violin, piano|For violin, strings (arr)|Pieces		2026-09-24T15:06:37.507932+00:00
3 Duos brillants, Op.64 (Dancla, Charles)	Q1064049	727680	https://imslp.org/wiki/3_Duos_brillants%2C_Op.64_%28Dancla%2C_Charles%29	3 Duos brillants, Op.64			2026-09-24T15:06:37.507932+00:00
3 Duos faciles, Op.117 (Dancla, Charles)	Q1064049	675819	https://imslp.org/wiki/3_Duos_faciles%2C_Op.117_%28Dancla%2C_Charles%29	3 Duos faciles, Op.117			2026-09-24T15:06:37.507932+00:00
3 Duos, Op.15 (Dancla, Charles)	Q1064049	215634	https://imslp.org/wiki/3_Duos%2C_Op.15_%28Dancla%2C_Charles%29	3 Duos, Op.15	Duets|For 2 players|For 2 violins		2026-09-24T15:06:37.507932+00:00
3 Duos, Op.23 (Dancla, Charles)	Q1064049	215637	https://imslp.org/wiki/3_Duos%2C_Op.23_%28Dancla%2C_Charles%29	3 Duos, Op.23	Duets|For 2 players|For 2 violins		2026-09-24T15:06:37.507932+00:00
3 Duos, Op.24 (Dancla, Charles)	Q1064049	215640	https://imslp.org/wiki/3_Duos%2C_Op.24_%28Dancla%2C_Charles%29	3 Duos, Op.24			2026-09-24T15:06:37.507932+00:00
3 Duos, Op.25 (Dancla, Charles)	Q1064049	215644	https://imslp.org/wiki/3_Duos%2C_Op.25_%28Dancla%2C_Charles%29	3 Duos, Op.25			2026-09-24T15:06:37.507932+00:00
3 Duos, Op.32 (Dancla, Charles)	Q1064049	215650	https://imslp.org/wiki/3_Duos%2C_Op.32_%28Dancla%2C_Charles%29	3 Duos, Op.32			2026-09-24T15:06:37.507932+00:00
3 Duos, Op.33 (Dancla, Charles)	Q1064049	215653	https://imslp.org/wiki/3_Duos%2C_Op.33_%28Dancla%2C_Charles%29	3 Duos, Op.33			2026-09-24T15:06:37.507932+00:00
3 Duos, Op.34 (Dancla, Charles)	Q1064049	215656	https://imslp.org/wiki/3_Duos%2C_Op.34_%28Dancla%2C_Charles%29	3 Duos, Op.34	Duets|For 2 players|For 2 violins		2026-09-24T15:06:37.507932+00:00
3 Duos, Op.35 (Dancla, Charles)	Q1064049	215659	https://imslp.org/wiki/3_Duos%2C_Op.35_%28Dancla%2C_Charles%29	3 Duos, Op.35	Duets|For 2 players|For 2 violins		2026-09-24T15:06:37.507932+00:00
3 Duos, Op.60 (Dancla, Charles)	Q1064049	215664	https://imslp.org/wiki/3_Duos%2C_Op.60_%28Dancla%2C_Charles%29	3 Duos, Op.60	Duets|For 2 players|For 2 violins		2026-09-24T15:06:37.507932+00:00
3 Duos, Op.61 (Dancla, Charles)	Q1064049	215668	https://imslp.org/wiki/3_Duos%2C_Op.61_%28Dancla%2C_Charles%29	3 Duos, Op.61	Duets|For 2 players|For 2 violins		2026-09-24T15:06:37.507932+00:00
3 Duos, Op.62 (Dancla, Charles)	Q1064049	215670	https://imslp.org/wiki/3_Duos%2C_Op.62_%28Dancla%2C_Charles%29	3 Duos, Op.62	Duets|For 2 players|For 2 violins		2026-09-24T15:06:37.507932+00:00
6 Duos, Op.108 (Dancla, Charles)	Q1064049	1166751	https://imslp.org/wiki/6_Duos%2C_Op.108_%28Dancla%2C_Charles%29	6 Duos, Op.108			2026-09-24T15:06:37.507932+00:00
3 Duos, Op.124 (Dancla, Charles)	Q1064049	300162	https://imslp.org/wiki/3_Duos%2C_Op.124_%28Dancla%2C_Charles%29	3 Duos, Op.124			2026-09-24T15:06:37.507932+00:00
École de l'accompagnement, Op.175 (Dancla, Charles)	Q1064049	448808	https://imslp.org/wiki/%C3%89cole_de_l%27accompagnement%2C_Op.175_%28Dancla%2C_Charles%29	École de l'accompagnement, Op.175			2026-09-24T15:06:37.507932+00:00
L'école des cinq positions, Op.193 (Dancla, Charles)	Q1064049	200067	https://imslp.org/wiki/L%27%C3%A9cole_des_cinq_positions%2C_Op.193_%28Dancla%2C_Charles%29	L'école des cinq positions, Op.193	For 1 player|For violin		2026-09-24T15:06:37.507932+00:00
École du mécanisme, Op.74 (Dancla, Charles)	Q1064049	401393	https://imslp.org/wiki/%C3%89cole_du_m%C3%A9canisme%2C_Op.74_%28Dancla%2C_Charles%29	École du mécanisme, Op.74			2026-09-24T15:06:37.507932+00:00
20 Études brillantes et caractéristiques, Op.73 (Dancla, Charles)	Q1064049	505788	https://imslp.org/wiki/20_%C3%89tudes_brillantes_et_caract%C3%A9ristiques%2C_Op.73_%28Dancla%2C_Charles%29	20 Études brillantes et caractéristiques, Op.73			2026-09-24T15:06:37.507932+00:00
36 Études mélodiques, Op.84 (Dancla, Charles)	Q1064049	941541	https://imslp.org/wiki/36_%C3%89tudes_m%C3%A9lodiques%2C_Op.84_%28Dancla%2C_Charles%29	36 Études mélodiques, Op.84			2026-09-24T15:06:37.507932+00:00
Fantaisie brillante sur 'Robert le diable', Op.147 (Dancla, Charles)	Q1064049	566643	https://imslp.org/wiki/Fantaisie_brillante_sur_%27Robert_le_diable%27%2C_Op.147_%28Dancla%2C_Charles%29	Fantaisie brillante sur 'Robert le diable', Op.147			2026-09-24T15:06:37.507932+00:00
Fantaisie-caprice sur 'Faust', Op.133 (Dancla, Charles)	Q1064049	497476	https://imslp.org/wiki/Fantaisie-caprice_sur_%27Faust%27%2C_Op.133_%28Dancla%2C_Charles%29	Fantaisie-caprice sur 'Faust', Op.133			2026-09-24T15:06:37.507932+00:00
La fille aux oiseaux (Dancla, Charles)	Q1064049	741146	https://imslp.org/wiki/La_fille_aux_oiseaux_%28Dancla%2C_Charles%29	La fille aux oiseaux			2026-09-24T15:06:37.507932+00:00
Hommage à l'amitié, Op.66 (Dancla, Charles)	Q1064049	299096	https://imslp.org/wiki/Hommage_%C3%A0_l%27amiti%C3%A9%2C_Op.66_%28Dancla%2C_Charles%29	Hommage à l'amitié, Op.66	For 2 players|For violin, piano		2026-09-24T15:06:37.507932+00:00
Impromptu, Op.184 (Dancla, Charles)	Q1064049	858618	https://imslp.org/wiki/Impromptu%2C_Op.184_%28Dancla%2C_Charles%29	Impromptu, Op.184			2026-09-24T15:06:37.507932+00:00
Introduction et Rondeau-Caprice, Op.182 (Dancla, Charles)	Q1064049	858440	https://imslp.org/wiki/Introduction_et_Rondeau-Caprice%2C_Op.182_%28Dancla%2C_Charles%29	Introduction et Rondeau-Caprice, Op.182			2026-09-24T15:06:37.507932+00:00
Le mélodiste, Op.86 (Dancla, Charles)	Q1064049	240835	https://imslp.org/wiki/Le_m%C3%A9lodiste%2C_Op.86_%28Dancla%2C_Charles%29	Le mélodiste, Op.86	For 2 players|For violin, piano		2026-09-24T15:06:37.507932+00:00
Méthode élémentaire et progressive (Dancla, Charles)	Q1064049	485174	https://imslp.org/wiki/M%C3%A9thode_%C3%A9l%C3%A9mentaire_et_progressive_%28Dancla%2C_Charles%29	Méthode élémentaire et progressive			2026-09-24T15:06:37.507932+00:00
3 Morceaux de différents caractères, Op.148 (Dancla, Charles)	Q1064049	448168	https://imslp.org/wiki/3_Morceaux_de_diff%C3%A9rents_caract%C3%A8res%2C_Op.148_%28Dancla%2C_Charles%29	3 Morceaux de différents caractères, Op.148			2026-09-24T15:06:37.507932+00:00
Nouvelle école de la mélodie (Dancla, Charles)	Q1064049	793368	https://imslp.org/wiki/Nouvelle_%C3%A9cole_de_la_m%C3%A9lodie_%28Dancla%2C_Charles%29	Nouvelle école de la mélodie			2026-09-24T15:06:37.507932+00:00
12 Original Duos, Op.187 (Dancla, Charles)	Q1064049	555574	https://imslp.org/wiki/12_Original_Duos%2C_Op.187_%28Dancla%2C_Charles%29	12 Original Duos, Op.187			2026-09-24T15:06:37.507932+00:00
Les perles d’Italie, de France et d’Allemagne, Op.107bis (Dancla, Charles)	Q1064049	299498	https://imslp.org/wiki/Les_perles_d%E2%80%99Italie%2C_de_France_et_d%E2%80%99Allemagne%2C_Op.107bis_%28Dancla%2C_Charles%29	Les perles d’Italie, de France et d’Allemagne, Op.107bis			2026-09-24T15:06:37.507932+00:00
Petite école de la mélodie, Op.123 (Dancla, Charles)	Q1064049	59810	https://imslp.org/wiki/Petite_%C3%A9cole_de_la_m%C3%A9lodie%2C_Op.123_%28Dancla%2C_Charles%29	Petite école de la mélodie, Op.123	For 1 player (arr)|For 2 players|For 3 players (arr)|For 3 violins (arr)|For cello (arr)|For orchestra (arr)|For violin, piano|For violin or cello and piano (arr)|Suites		2026-09-24T15:06:37.507932+00:00
Petite école de la mélodie, Op.129 (Dancla, Charles)	Q1064049	934236	https://imslp.org/wiki/Petite_%C3%A9cole_de_la_m%C3%A9lodie%2C_Op.129_%28Dancla%2C_Charles%29	Petite école de la mélodie, Op.129			2026-09-24T15:06:37.507932+00:00
3 Petites Bluettes, Op.189 (Dancla, Charles)	Q1064049	1090856	https://imslp.org/wiki/3_Petites_Bluettes%2C_Op.189_%28Dancla%2C_Charles%29	3 Petites Bluettes, Op.189			2026-09-24T15:06:37.507932+00:00
6 Petites fantaisies faciles, Op.126 (Dancla, Charles)	Q1064049	139030	https://imslp.org/wiki/6_Petites_fantaisies_faciles%2C_Op.126_%28Dancla%2C_Charles%29	6 Petites fantaisies faciles, Op.126			2026-09-24T15:06:37.507932+00:00
Petites pièces mignonnes, Op.149 (Dancla, Charles)	Q1064049	515965	https://imslp.org/wiki/Petites_pi%C3%A8ces_mignonnes%2C_Op.149_%28Dancla%2C_Charles%29	Petites pièces mignonnes, Op.149			2026-09-24T15:06:37.507932+00:00
6 Petites pièces, Op.163 (Dancla, Charles)	Q1064049	299176	https://imslp.org/wiki/6_Petites_pi%C3%A8ces%2C_Op.163_%28Dancla%2C_Charles%29	6 Petites pièces, Op.163			2026-09-24T15:06:37.507932+00:00
3 Petites symphonies concertantes, Op.109 (Dancla, Charles)	Q1064049	102519	https://imslp.org/wiki/3_Petites_symphonies_concertantes%2C_Op.109_%28Dancla%2C_Charles%29	3 Petites symphonies concertantes, Op.109	For 2 flutes, piano (arr)|For 2 violins, piano|For 3 players|For 3 players (arr)|For flute, violin, piano (arr)|Symphonies		2026-09-24T15:06:37.507932+00:00
6 Petits divertissements, Op.106 (Dancla, Charles)	Q1064049	305808	https://imslp.org/wiki/6_Petits_divertissements%2C_Op.106_%28Dancla%2C_Charles%29	6 Petits divertissements, Op.106			2026-09-24T15:06:37.507932+00:00
6 Petits trios faciles et concertants, Op.99 (Dancla, Charles)	Q1064049	215599	https://imslp.org/wiki/6_Petits_trios_faciles_et_concertants%2C_Op.99_%28Dancla%2C_Charles%29	6 Petits trios faciles et concertants, Op.99			2026-09-24T15:06:37.507932+00:00
Piano Trio No.2, Op.37 (Dancla, Charles)	Q1064049	44099	https://imslp.org/wiki/Piano_Trio_No.2%2C_Op.37_%28Dancla%2C_Charles%29	Piano Trio No.2, Op.37	For 3 players|For violin, cello, piano|Trios		2026-09-24T15:06:37.507932+00:00
Piano Trio No.4, Op.51 (Dancla, Charles)	Q1064049	39417	https://imslp.org/wiki/Piano_Trio_No.4%2C_Op.51_%28Dancla%2C_Charles%29	Piano Trio No.4, Op.51	For 3 players|For violin, cello, piano|Trios		2026-09-24T15:06:37.507932+00:00
3 Pieces for 4 Violins, Op.178 (Dancla, Charles)	Q1064049	396810	https://imslp.org/wiki/3_Pieces_for_4_Violins%2C_Op.178_%28Dancla%2C_Charles%29	3 Pieces for 4 Violins, Op.178			2026-09-24T15:06:37.507932+00:00
Les premiers aveux (Dancla, Charles)	Q1064049	741149	https://imslp.org/wiki/Les_premiers_aveux_%28Dancla%2C_Charles%29	Les premiers aveux			2026-09-24T15:06:37.507932+00:00
Le progrès, Op.54 (Dancla, Charles)	Q1064049	1385562	https://imslp.org/wiki/Le_progr%C3%A8s%2C_Op.54_%28Dancla%2C_Charles%29	Le progrès, Op.54			2026-09-24T15:06:37.507932+00:00
La Promesse, Op.223 (Dancla, Charles)	Q1064049	449026	https://imslp.org/wiki/La_Promesse%2C_Op.223_%28Dancla%2C_Charles%29	La Promesse, Op.223			2026-09-24T15:06:37.507932+00:00
Les rayons d'or, Op.27 (Dancla, Charles)	Q1064049	884244	https://imslp.org/wiki/Les_rayons_d%27or%2C_Op.27_%28Dancla%2C_Charles%29	Les rayons d'or, Op.27			2026-09-24T15:06:37.507932+00:00
Les récréations du jeune violiniste, Op.82 (Dancla, Charles)	Q1064049	1452023	https://imslp.org/wiki/Les_r%C3%A9cr%C3%A9ations_du_jeune_violiniste%2C_Op.82_%28Dancla%2C_Charles%29	Les récréations du jeune violiniste, Op.82			2026-09-24T15:06:37.507932+00:00
Résignation, Op.59 (Dancla, Charles)	Q1064049	299108	https://imslp.org/wiki/R%C3%A9signation%2C_Op.59_%28Dancla%2C_Charles%29	Résignation, Op.59	For 1 player (arr)|For 2 players|For piano (arr)|For violin, piano|Pieces		2026-09-24T15:06:37.507932+00:00
La Réunion, Op.203 (Dancla, Charles)	Q1064049	55141	https://imslp.org/wiki/La_R%C3%A9union%2C_Op.203_%28Dancla%2C_Charles%29	La Réunion, Op.203	For 4 guitars (arr)|For 4 players|For 4 players (arr)|For 4 violins|Pieces		2026-09-24T15:06:37.507932+00:00
Rigodon, Op.206 (Dancla, Charles)	Q1064049	299155	https://imslp.org/wiki/Rigodon%2C_Op.206_%28Dancla%2C_Charles%29	Rigodon, Op.206	For 2 players|For violin, piano		2026-09-24T15:06:37.507932+00:00
3 Romances sans paroles, Op.57 (Dancla, Charles)	Q1064049	91236	https://imslp.org/wiki/3_Romances_sans_paroles%2C_Op.57_%28Dancla%2C_Charles%29	3 Romances sans paroles, Op.57	For 2 players|For violin, piano		2026-09-24T15:06:37.507932+00:00
24 Scales and Melodies, Op.115 (Dancla, Charles)	Q1064049	400326	https://imslp.org/wiki/24_Scales_and_Melodies%2C_Op.115_%28Dancla%2C_Charles%29	24 Scales and Melodies, Op.115			2026-09-24T15:06:37.507932+00:00
Le semainier du jeune violoniste, Op.144 (Dancla, Charles)	Q1064049	485162	https://imslp.org/wiki/Le_semainier_du_jeune_violoniste%2C_Op.144_%28Dancla%2C_Charles%29	Le semainier du jeune violoniste, Op.144			2026-09-24T15:06:37.507932+00:00
Séparation, Op.183 (Dancla, Charles)	Q1064049	858282	https://imslp.org/wiki/S%C3%A9paration%2C_Op.183_%28Dancla%2C_Charles%29	Séparation, Op.183			2026-09-24T15:06:37.507932+00:00
Simple histoire, Op.166 (Dancla, Charles)	Q1064049	979661	https://imslp.org/wiki/Simple_histoire%2C_Op.166_%28Dancla%2C_Charles%29	Simple histoire, Op.166			2026-09-24T15:06:37.507932+00:00
Solo de concours No.7, Op.224 (Dancla, Charles)	Q1064049	299509	https://imslp.org/wiki/Solo_de_concours_No.7%2C_Op.224_%28Dancla%2C_Charles%29	Solo de concours No.7, Op.224			2026-09-24T15:06:37.507932+00:00
Souvenir de Beethoven et de Weber, Op.21 (Dancla, Charles)	Q1064049	1358639	https://imslp.org/wiki/Souvenir_de_Beethoven_et_de_Weber%2C_Op.21_%28Dancla%2C_Charles%29	Souvenir de Beethoven et de Weber, Op.21			2026-09-24T15:06:37.507932+00:00
Souvenir du Théâtre Italien, Op.83 (Dancla, Charles)	Q1064049	300299	https://imslp.org/wiki/Souvenir_du_Th%C3%A9%C3%A2tre_Italien%2C_Op.83_%28Dancla%2C_Charles%29	Souvenir du Théâtre Italien, Op.83			2026-09-24T15:06:37.507932+00:00
Le Souvenir, Op.58 (Dancla, Charles)	Q1064049	299102	https://imslp.org/wiki/Le_Souvenir%2C_Op.58_%28Dancla%2C_Charles%29	Le Souvenir, Op.58	For 2 players|For violin, piano|Pieces		2026-09-24T15:06:37.507932+00:00
String Quartet No.1, Op.5 (Dancla, Charles)	Q1064049	477274	https://imslp.org/wiki/String_Quartet_No.1%2C_Op.5_%28Dancla%2C_Charles%29	String Quartet No.1, Op.5			2026-09-24T15:06:37.507932+00:00
String Quartet No.4, Op.41 (Dancla, Charles)	Q1064049	478627	https://imslp.org/wiki/String_Quartet_No.4%2C_Op.41_%28Dancla%2C_Charles%29	String Quartet No.4, Op.41			2026-09-24T15:06:37.507932+00:00
String Quartet No.5, Op.48 (Dancla, Charles)	Q1064049	478625	https://imslp.org/wiki/String_Quartet_No.5%2C_Op.48_%28Dancla%2C_Charles%29	String Quartet No.5, Op.48			2026-09-24T15:06:37.507932+00:00
String Quartet No.6, Op.56 (Dancla, Charles)	Q1064049	478621	https://imslp.org/wiki/String_Quartet_No.6%2C_Op.56_%28Dancla%2C_Charles%29	String Quartet No.6, Op.56			2026-09-24T15:06:37.507932+00:00
String Quartet No.7, Op.80 (Dancla, Charles)	Q1064049	755323	https://imslp.org/wiki/String_Quartet_No.7%2C_Op.80_%28Dancla%2C_Charles%29	String Quartet No.7, Op.80			2026-09-24T15:06:37.507932+00:00
String Quartet No.12, Op.142 (Dancla, Charles)	Q1064049	527963	https://imslp.org/wiki/String_Quartet_No.12%2C_Op.142_%28Dancla%2C_Charles%29	String Quartet No.12, Op.142			2026-09-24T15:06:37.507932+00:00
15 Studies for Violin, Op.68 (Dancla, Charles)	Q1064049	30829	https://imslp.org/wiki/15_Studies_for_Violin%2C_Op.68_%28Dancla%2C_Charles%29	15 Studies for Violin, Op.68	For 1 player|For 2 guitars (arr)|For 2 players|For 2 players (arr)|For 2 violas (arr)|For 2 violins|For violin		2026-09-24T15:06:37.507932+00:00
Symphonie concertante No.4, Op.98 (Dancla, Charles)	Q1064049	699578	https://imslp.org/wiki/Symphonie_concertante_No.4%2C_Op.98_%28Dancla%2C_Charles%29	Symphonie concertante No.4, Op.98	For 2 violins, orchestra|For 2 violins, piano (arr)|For 3 players (arr)|For orchestra with soloists|Symphonies		2026-09-24T15:06:37.507932+00:00
Symphonie Concertante, Op.198 (Dancla, Charles)	Q1064049	836482	https://imslp.org/wiki/Symphonie_Concertante%2C_Op.198_%28Dancla%2C_Charles%29	Symphonie Concertante, Op.198			2026-09-24T15:06:37.507932+00:00
Theme and Variations (Dancla, Charles)	Q1064049	407046	https://imslp.org/wiki/Theme_and_Variations_%28Dancla%2C_Charles%29	Theme and Variations	For 2 players|For violin, piano|Variations		2026-09-24T15:06:37.507932+00:00
Trio brillant, Op.22 (Dancla, Charles)	Q1064049	682001	https://imslp.org/wiki/Trio_brillant%2C_Op.22_%28Dancla%2C_Charles%29	Trio brillant, Op.22	For 3 players|For violin, cello, piano|Trios		2026-09-24T15:06:37.507932+00:00
Variations brillantes sur 'Le carnaval de Venise', Op.120 (Dancla, Charles)	Q1064049	299488	https://imslp.org/wiki/Variations_brillantes_sur_%27Le_carnaval_de_Venise%27%2C_Op.120_%28Dancla%2C_Charles%29	Variations brillantes sur 'Le carnaval de Venise', Op.120	For 2 players|For violin, piano|Variations		2026-09-24T15:06:37.507932+00:00
Variations on 'Ah! vous dirai-je, maman!', Op.161 (Dancla, Charles)	Q1064049	784586	https://imslp.org/wiki/Variations_on_%27Ah%21_vous_dirai-je%2C_maman%21%27%2C_Op.161_%28Dancla%2C_Charles%29	Variations on 'Ah! vous dirai-je, maman!', Op.161			2026-09-24T15:06:37.507932+00:00
2 Violin Duos, Opp.19, 20 (Dancla, Charles)	Q1064049	123209	https://imslp.org/wiki/2_Violin_Duos%2C_Opp.19%2C_20_%28Dancla%2C_Charles%29	2 Violin Duos, Opp.19, 20	Duets|For 2 guitars (arr)|For 2 players|For 2 players (arr)|For 2 recorders (arr)|For 2 violins|For flute, guitar (arr)|For guitar, violin (arr)		2026-09-24T15:06:37.507932+00:00
3 Violin Sonatas, Op.138 (Dancla, Charles)	Q1064049	122824	https://imslp.org/wiki/3_Violin_Sonatas%2C_Op.138_%28Dancla%2C_Charles%29	3 Violin Sonatas, Op.138	For 2 players|For 2 violins|Sonatas		2026-09-24T15:06:37.507932+00:00
La Vision!, Op.185 (Dancla, Charles)	Q1064049	858402	https://imslp.org/wiki/La_Vision%21%2C_Op.185_%28Dancla%2C_Charles%29	La Vision!, Op.185			2026-09-24T15:06:37.507932+00:00
L'ardita (Arditi, Luigi)	Q918479	253921	https://imslp.org/wiki/L%27ardita_%28Arditi%2C_Luigi%29	L'ardita			2026-09-24T15:06:37.774242+00:00
Il bacio (Arditi, Luigi)	Q918479	27976	https://imslp.org/wiki/Il_bacio_%28Arditi%2C_Luigi%29	Il bacio	For 1 player (arr)|For 2 players (arr)|For cello, piano (arr)|For guitar, violin (arr)|For guitar (arr)|For piano (arr)|For piano 4 hands (arr)|For viola, piano (arr)|For violin, piano (arr)|For voice, orchestra (arr)|For voice, piano|For voice, wind band (arr)|For voices with keyboard|For voices with orchestra (arr)|Songs|Waltzes		2026-09-24T15:06:37.774242+00:00
Capriccio-mazurka (Arditi, Luigi)	Q918479	525001	https://imslp.org/wiki/Capriccio-mazurka_%28Arditi%2C_Luigi%29	Capriccio-mazurka			2026-09-24T15:06:37.774242+00:00
Fior di margherita (Arditi, Luigi)	Q918479	834577	https://imslp.org/wiki/Fior_di_margherita_%28Arditi%2C_Luigi%29	Fior di margherita			2026-09-24T15:06:37.774242+00:00
Forosetta (Arditi, Luigi)	Q918479	1391899	https://imslp.org/wiki/Forosetta_%28Arditi%2C_Luigi%29	Forosetta			2026-09-24T15:06:37.774242+00:00
Gitano-gitana (Arditi, Luigi)	Q918479	525003	https://imslp.org/wiki/Gitano-gitana_%28Arditi%2C_Luigi%29	Gitano-gitana			2026-09-24T15:06:37.774242+00:00
Ilma (Arditi, Luigi)	Q918479	302094	https://imslp.org/wiki/Ilma_%28Arditi%2C_Luigi%29	Ilma			2026-09-24T15:06:37.774242+00:00
L'ingénue (Arditi, Luigi)	Q918479	525007	https://imslp.org/wiki/L%27ing%C3%A9nue_%28Arditi%2C_Luigi%29	L'ingénue			2026-09-24T15:06:37.774242+00:00
Kellogg-valse (Arditi, Luigi)	Q918479	1183029	https://imslp.org/wiki/Kellogg-valse_%28Arditi%2C_Luigi%29	Kellogg-valse			2026-09-24T15:06:37.774242+00:00
Ophélie-valse (Arditi, Luigi)	Q918479	525015	https://imslp.org/wiki/Oph%C3%A9lie-valse_%28Arditi%2C_Luigi%29	Ophélie-valse			2026-09-24T15:06:37.774242+00:00
L'orfanella (Arditi, Luigi)	Q918479	296680	https://imslp.org/wiki/L%27orfanella_%28Arditi%2C_Luigi%29	L'orfanella			2026-09-24T15:06:37.774242+00:00
Parla! (Arditi, Luigi)	Q918479	542178	https://imslp.org/wiki/Parla%21_%28Arditi%2C_Luigi%29	Parla!			2026-09-24T15:06:37.774242+00:00
Les petits tambours (Arditi, Luigi)	Q918479	525009	https://imslp.org/wiki/Les_petits_tambours_%28Arditi%2C_Luigi%29	Les petits tambours			2026-09-24T15:06:37.774242+00:00
Se Saran Rose (Arditi, Luigi)	Q918479	1091306	https://imslp.org/wiki/Se_Saran_Rose_%28Arditi%2C_Luigi%29	Se Saran Rose			2026-09-24T15:06:37.774242+00:00
La Spia (Arditi, Luigi)	Q918479	1253384	https://imslp.org/wiki/La_Spia_%28Arditi%2C_Luigi%29	La Spia			2026-09-24T15:06:37.774242+00:00
The Stirrup Cup (Arditi, Luigi)	Q918479	296678	https://imslp.org/wiki/The_Stirrup_Cup_%28Arditi%2C_Luigi%29	The Stirrup Cup			2026-09-24T15:06:37.774242+00:00
Les tourterelles (Arditi, Luigi)	Q918479	525012	https://imslp.org/wiki/Les_tourterelles_%28Arditi%2C_Luigi%29	Les tourterelles			2026-09-24T15:06:37.774242+00:00
Una notte d'amore (Arditi, Luigi)	Q918479	496564	https://imslp.org/wiki/Una_notte_d%27amore_%28Arditi%2C_Luigi%29	Una notte d'amore			2026-09-24T15:06:37.774242+00:00
Valse des belles Viennoises (Arditi, Luigi)	Q918479	523833	https://imslp.org/wiki/Valse_des_belles_Viennoises_%28Arditi%2C_Luigi%29	Valse des belles Viennoises			2026-09-24T15:06:37.774242+00:00
Why Do Ye Wither, Flow'rets? (Arditi, Luigi)	Q918479	235706	https://imslp.org/wiki/Why_Do_Ye_Wither%2C_Flow%27rets%3F_%28Arditi%2C_Luigi%29	Why Do Ye Wither, Flow'rets?	For voice, piano|For voices with keyboard|Songs		2026-09-24T15:06:37.774242+00:00
Album for Piano, Op.26 (Kirchner, Theodor)	Q67759	19689	https://imslp.org/wiki/Album_for_Piano%2C_Op.26_%28Kirchner%2C_Theodor%29	Album for Piano, Op.26	For 1 player|For piano|Pieces		2026-09-24T15:06:38.859079+00:00
Albumblätter, Op.7 (Kirchner, Theodor)	Q67759	115334	https://imslp.org/wiki/Albumbl%C3%A4tter%2C_Op.7_%28Kirchner%2C_Theodor%29	Albumblätter, Op.7			2026-09-24T15:06:38.859079+00:00
Alte Erinnerungen, Op.74 (Kirchner, Theodor)	Q67759	46597	https://imslp.org/wiki/Alte_Erinnerungen%2C_Op.74_%28Kirchner%2C_Theodor%29	Alte Erinnerungen, Op.74			2026-09-24T15:06:38.859079+00:00
An Stephen Heller, Op.51 (Kirchner, Theodor)	Q67759	18294	https://imslp.org/wiki/An_Stephen_Heller%2C_Op.51_%28Kirchner%2C_Theodor%29	An Stephen Heller, Op.51	For 1 player|For piano|Pieces		2026-09-24T15:06:38.859079+00:00
Aquarellen, Op.21 (Kirchner, Theodor)	Q67759	19682	https://imslp.org/wiki/Aquarellen%2C_Op.21_%28Kirchner%2C_Theodor%29	Aquarellen, Op.21	For 1 player|For piano|Pieces		2026-09-24T15:06:38.859079+00:00
Aus meinem Skizzenbuche, Op.29 (Kirchner, Theodor)	Q67759	45514	https://imslp.org/wiki/Aus_meinem_Skizzenbuche%2C_Op.29_%28Kirchner%2C_Theodor%29	Aus meinem Skizzenbuche, Op.29			2026-09-24T15:06:38.859079+00:00
Aus trüben Tagen, Op.32 (Kirchner, Theodor)	Q67759	19698	https://imslp.org/wiki/Aus_tr%C3%BCben_Tagen%2C_Op.32_%28Kirchner%2C_Theodor%29	Aus trüben Tagen, Op.32	For 1 player|For piano|Pieces		2026-09-24T15:06:38.859079+00:00
Bunte Blätter, Op.83 (Kirchner, Theodor)	Q67759	831542	https://imslp.org/wiki/Bunte_Bl%C3%A4tter%2C_Op.83_%28Kirchner%2C_Theodor%29	Bunte Blätter, Op.83			2026-09-24T15:06:38.859079+00:00
6 Capricen, Op.27 (Kirchner, Theodor)	Q67759	20019	https://imslp.org/wiki/6_Capricen%2C_Op.27_%28Kirchner%2C_Theodor%29	6 Capricen, Op.27			2026-09-24T15:06:38.859079+00:00
Ein Gedenkblatt, Op.15 (Kirchner, Theodor)	Q67759	39667	https://imslp.org/wiki/Ein_Gedenkblatt%2C_Op.15_%28Kirchner%2C_Theodor%29	Ein Gedenkblatt, Op.15			2026-09-24T15:06:38.859079+00:00
4 Elegies, Op.37 (Kirchner, Theodor)	Q67759	19741	https://imslp.org/wiki/4_Elegies%2C_Op.37_%28Kirchner%2C_Theodor%29	4 Elegies, Op.37	For 1 player|For piano		2026-09-24T15:06:38.859079+00:00
12 Etudes, Op.38 (Kirchner, Theodor)	Q67759	19743	https://imslp.org/wiki/12_Etudes%2C_Op.38_%28Kirchner%2C_Theodor%29	12 Etudes, Op.38			2026-09-24T15:06:38.859079+00:00
9 Fantasiestücke, Op.14 (Kirchner, Theodor)	Q67759	19664	https://imslp.org/wiki/9_Fantasiest%C3%BCcke%2C_Op.14_%28Kirchner%2C_Theodor%29	9 Fantasiestücke, Op.14	For 1 player|For piano		2026-09-24T15:06:38.859079+00:00
10 Federzeichnungen, Op.47 (Kirchner, Theodor)	Q67759	18289	https://imslp.org/wiki/10_Federzeichnungen%2C_Op.47_%28Kirchner%2C_Theodor%29	10 Federzeichnungen, Op.47	For 1 player|For piano		2026-09-24T15:06:38.859079+00:00
Gavotten, Menuetten und Lyrische Stücke, Op.64 (Kirchner, Theodor)	Q67759	20044	https://imslp.org/wiki/Gavotten%2C_Menuetten_und_Lyrische_St%C3%BCcke%2C_Op.64_%28Kirchner%2C_Theodor%29	Gavotten, Menuetten und Lyrische Stücke, Op.64			2026-09-24T15:06:38.859079+00:00
12 Gedenkblätter, Op.82 (Kirchner, Theodor)	Q67759	199720	https://imslp.org/wiki/12_Gedenkbl%C3%A4tter%2C_Op.82_%28Kirchner%2C_Theodor%29	12 Gedenkblätter, Op.82			2026-09-24T15:06:38.859079+00:00
4 Gedichte von Goethe, Op.69 (Kirchner, Theodor)	Q67759	782602	https://imslp.org/wiki/4_Gedichte_von_Goethe%2C_Op.69_%28Kirchner%2C_Theodor%29	4 Gedichte von Goethe, Op.69			2026-09-24T15:06:38.859079+00:00
3 Gedichte, Op.40 (Kirchner, Theodor)	Q67759	900151	https://imslp.org/wiki/3_Gedichte%2C_Op.40_%28Kirchner%2C_Theodor%29	3 Gedichte, Op.40			2026-09-24T15:06:38.859079+00:00
Grüße an meine Freunde, Op.5 (Kirchner, Theodor)	Q67759	19660	https://imslp.org/wiki/Gr%C3%BC%C3%9Fe_an_meine_Freunde%2C_Op.5_%28Kirchner%2C_Theodor%29	Grüße an meine Freunde, Op.5	For 1 player|For piano|Pieces		2026-09-24T15:06:38.859079+00:00
6 Humoresken, Op.48 (Kirchner, Theodor)	Q67759	19745	https://imslp.org/wiki/6_Humoresken%2C_Op.48_%28Kirchner%2C_Theodor%29	6 Humoresken, Op.48			2026-09-24T15:06:38.859079+00:00
Ideale, Op.33 (Kirchner, Theodor)	Q67759	19703	https://imslp.org/wiki/Ideale%2C_Op.33_%28Kirchner%2C_Theodor%29	Ideale, Op.33	For 1 player|For piano|Pieces		2026-09-24T15:06:38.859079+00:00
Im Zwielicht, Op.31 (Kirchner, Theodor)	Q67759	18297	https://imslp.org/wiki/Im_Zwielicht%2C_Op.31_%28Kirchner%2C_Theodor%29	Im Zwielicht, Op.31	For 1 player|For piano|Lieder|Songs		2026-09-24T15:06:38.859079+00:00
Kindertrios, Op.58 (Kirchner, Theodor)	Q67759	1376478	https://imslp.org/wiki/Kindertrios%2C_Op.58_%28Kirchner%2C_Theodor%29	Kindertrios, Op.58			2026-09-24T15:06:38.859079+00:00
10 Klavierstücke nach eigenen Liedern, Op.19 (Kirchner, Theodor)	Q67759	1567192	https://imslp.org/wiki/10_Klavierst%C3%BCcke_nach_eigenen_Liedern%2C_Op.19_%28Kirchner%2C_Theodor%29	10 Klavierstücke nach eigenen Liedern, Op.19			2026-09-24T15:06:38.859079+00:00
6 Klavierstücke, Op.45 (Kirchner, Theodor)	Q67759	602411	https://imslp.org/wiki/6_Klavierst%C3%BCcke%2C_Op.45_%28Kirchner%2C_Theodor%29	6 Klavierstücke, Op.45			2026-09-24T15:06:38.859079+00:00
Kleine Lust- und Trauerspiele, Op.16 (Kirchner, Theodor)	Q67759	19668	https://imslp.org/wiki/Kleine_Lust-_und_Trauerspiele%2C_Op.16_%28Kirchner%2C_Theodor%29	Kleine Lust- und Trauerspiele, Op.16	For 1 player|For piano|Pieces		2026-09-24T15:06:38.859079+00:00
100 Kleine Studien, Op.71 (Kirchner, Theodor)	Q67759	35682	https://imslp.org/wiki/100_Kleine_Studien%2C_Op.71_%28Kirchner%2C_Theodor%29	100 Kleine Studien, Op.71			2026-09-24T15:06:38.859079+00:00
Legenden, Op.18 (Kirchner, Theodor)	Q67759	19680	https://imslp.org/wiki/Legenden%2C_Op.18_%28Kirchner%2C_Theodor%29	Legenden, Op.18	For 1 player|For piano|Pieces		2026-09-24T15:06:38.859079+00:00
Lieder ohne Worte, Op.13 (Kirchner, Theodor)	Q67759	19662	https://imslp.org/wiki/Lieder_ohne_Worte%2C_Op.13_%28Kirchner%2C_Theodor%29	Lieder ohne Worte, Op.13	For 1 player|For piano|Lieder|Pieces|Songs		2026-09-24T15:06:38.859079+00:00
10 Lieder, Op.1 (Kirchner, Theodor)	Q67759	953896	https://imslp.org/wiki/10_Lieder%2C_Op.1_%28Kirchner%2C_Theodor%29	10 Lieder, Op.1			2026-09-24T15:06:38.859079+00:00
6 Lieder, Op.50 (Kirchner, Theodor)	Q67759	900153	https://imslp.org/wiki/6_Lieder%2C_Op.50_%28Kirchner%2C_Theodor%29	6 Lieder, Op.50			2026-09-24T15:06:38.859079+00:00
2 Märsche, Op.94 (Kirchner, Theodor)	Q67759	1209423	https://imslp.org/wiki/2_M%C3%A4rsche%2C_Op.94_%28Kirchner%2C_Theodor%29	2 Märsche, Op.94			2026-09-24T15:06:38.859079+00:00
15 Miniatures, Op.62 (Kirchner, Theodor)	Q67759	18299	https://imslp.org/wiki/15_Miniatures%2C_Op.62_%28Kirchner%2C_Theodor%29	15 Miniatures, Op.62	For 1 player|For piano|Pieces		2026-09-24T15:06:38.859079+00:00
Die Monate des Jahres, Op.78 (Kirchner, Theodor)	Q67759	1309027	https://imslp.org/wiki/Die_Monate_des_Jahres%2C_Op.78_%28Kirchner%2C_Theodor%29	Die Monate des Jahres, Op.78			2026-09-24T15:06:38.859079+00:00
Nachklänge, Op.53 (Kirchner, Theodor)	Q67759	20038	https://imslp.org/wiki/Nachkl%C3%A4nge%2C_Op.53_%28Kirchner%2C_Theodor%29	Nachklänge, Op.53			2026-09-24T15:06:38.859079+00:00
Nachtbilder, Op.25 (Kirchner, Theodor)	Q67759	20015	https://imslp.org/wiki/Nachtbilder%2C_Op.25_%28Kirchner%2C_Theodor%29	Nachtbilder, Op.25	For 1 player		2026-09-24T15:06:38.859079+00:00
Neue Albumblätter, Op.49 (Kirchner, Theodor)	Q67759	20035	https://imslp.org/wiki/Neue_Albumbl%C3%A4tter%2C_Op.49_%28Kirchner%2C_Theodor%29	Neue Albumblätter, Op.49			2026-09-24T15:06:38.859079+00:00
Neue Davidsbündlertänze, Op.17 (Kirchner, Theodor)	Q67759	1040231	https://imslp.org/wiki/Neue_Davidsb%C3%BCndlert%C3%A4nze%2C_Op.17_%28Kirchner%2C_Theodor%29	Neue Davidsbündlertänze, Op.17			2026-09-24T15:06:38.859079+00:00
Neue Kinderszenen, Op.55 (Kirchner, Theodor)	Q67759	19747	https://imslp.org/wiki/Neue_Kinderszenen%2C_Op.55_%28Kirchner%2C_Theodor%29	Neue Kinderszenen, Op.55	For 1 player|For piano|Pieces		2026-09-24T15:06:38.859079+00:00
4 Notturnos, Op.28 (Kirchner, Theodor)	Q67759	19691	https://imslp.org/wiki/4_Notturnos%2C_Op.28_%28Kirchner%2C_Theodor%29	4 Notturnos, Op.28	For 1 player|For piano|Nocturnes		2026-09-24T15:06:38.859079+00:00
Novelletten, Op.59 (Kirchner, Theodor)	Q67759	55133	https://imslp.org/wiki/Novelletten%2C_Op.59_%28Kirchner%2C_Theodor%29	Novelletten, Op.59			2026-09-24T15:06:38.859079+00:00
Nur Tropfen (Kirchner, Theodor)	Q67759	134086	https://imslp.org/wiki/Nur_Tropfen_%28Kirchner%2C_Theodor%29	Nur Tropfen			2026-09-24T15:06:38.859079+00:00
12 Original-Compositionen, Op.57 (Kirchner, Theodor)	Q67759	18292	https://imslp.org/wiki/12_Original-Compositionen%2C_Op.57_%28Kirchner%2C_Theodor%29	12 Original-Compositionen, Op.57	For 2 players|For piano 4 hands|Pieces		2026-09-24T15:06:38.859079+00:00
Phantasien, Op.36 (Kirchner, Theodor)	Q67759	19738	https://imslp.org/wiki/Phantasien%2C_Op.36_%28Kirchner%2C_Theodor%29	Phantasien, Op.36	For 1 player|For piano		2026-09-24T15:06:38.859079+00:00
12 Phantasiestücke, Op.90 (Kirchner, Theodor)	Q67759	733121	https://imslp.org/wiki/12_Phantasiest%C3%BCcke%2C_Op.90_%28Kirchner%2C_Theodor%29	12 Phantasiestücke, Op.90			2026-09-24T15:06:38.859079+00:00
20 Piano Pieces, Op.2 (Kirchner, Theodor)	Q67759	19658	https://imslp.org/wiki/20_Piano_Pieces%2C_Op.2_%28Kirchner%2C_Theodor%29	20 Piano Pieces, Op.2	For 1 player|For piano|Pieces		2026-09-24T15:06:38.859079+00:00
Piano Quartet, Op.84 (Kirchner, Theodor)	Q67759	95664	https://imslp.org/wiki/Piano_Quartet%2C_Op.84_%28Kirchner%2C_Theodor%29	Piano Quartet, Op.84			2026-09-24T15:06:38.859079+00:00
8 Pieces for Cello and Piano, Op.79 (Kirchner, Theodor)	Q67759	19753	https://imslp.org/wiki/8_Pieces_for_Cello_and_Piano%2C_Op.79_%28Kirchner%2C_Theodor%29	8 Pieces for Cello and Piano, Op.79	For 1 player (arr)|For 2 players|For 2 players (arr)|For cello, piano|For piano (arr)|For viola alta, piano (arr)|For violin, piano (arr)|Pieces		2026-09-24T15:06:38.859079+00:00
Plaudereien am Klavier, Op.60 (Kirchner, Theodor)	Q67759	19749	https://imslp.org/wiki/Plaudereien_am_Klavier%2C_Op.60_%28Kirchner%2C_Theodor%29	Plaudereien am Klavier, Op.60	For 1 player|For piano|Pieces		2026-09-24T15:06:38.859079+00:00
Polonaise, Walzer und Ländler, Op.77 (Kirchner, Theodor)	Q67759	20055	https://imslp.org/wiki/Polonaise%2C_Walzer_und_L%C3%A4ndler%2C_Op.77_%28Kirchner%2C_Theodor%29	Polonaise, Walzer und Ländler, Op.77			2026-09-24T15:06:38.859079+00:00
4 Polonaises, Op.43 (Kirchner, Theodor)	Q67759	20031	https://imslp.org/wiki/4_Polonaises%2C_Op.43_%28Kirchner%2C_Theodor%29	4 Polonaises, Op.43			2026-09-24T15:06:38.859079+00:00
16 Preludes, Op.9 (Kirchner, Theodor)	Q67759	115337	https://imslp.org/wiki/16_Preludes%2C_Op.9_%28Kirchner%2C_Theodor%29	16 Preludes, Op.9			2026-09-24T15:06:38.859079+00:00
60 Preludes, Op.65 (Kirchner, Theodor)	Q67759	20049	https://imslp.org/wiki/60_Preludes%2C_Op.65_%28Kirchner%2C_Theodor%29	60 Preludes, Op.65			2026-09-24T15:06:38.859079+00:00
Reflexe, Op.76 (Kirchner, Theodor)	Q67759	20053	https://imslp.org/wiki/Reflexe%2C_Op.76_%28Kirchner%2C_Theodor%29	Reflexe, Op.76			2026-09-24T15:06:38.859079+00:00
36 Rhythmische und Melodische Etüden, Op.105 (Kirchner, Theodor)	Q67759	45591	https://imslp.org/wiki/36_Rhythmische_und_Melodische_Et%C3%BCden%2C_Op.105_%28Kirchner%2C_Theodor%29	36 Rhythmische und Melodische Etüden, Op.105			2026-09-24T15:06:38.859079+00:00
8 Romances, Op.22 (Kirchner, Theodor)	Q67759	19684	https://imslp.org/wiki/8_Romances%2C_Op.22_%28Kirchner%2C_Theodor%29	8 Romances, Op.22	For 1 player|For piano		2026-09-24T15:06:38.859079+00:00
Romantische Geschichten, Op.73 (Kirchner, Theodor)	Q67759	46609	https://imslp.org/wiki/Romantische_Geschichten%2C_Op.73_%28Kirchner%2C_Theodor%29	Romantische Geschichten, Op.73			2026-09-24T15:06:38.859079+00:00
Scherzo No.1, Op.8 (Kirchner, Theodor)	Q67759	20005	https://imslp.org/wiki/Scherzo_No.1%2C_Op.8_%28Kirchner%2C_Theodor%29	Scherzo No.1, Op.8	For 1 player|For piano		2026-09-24T15:06:38.859079+00:00
Scherzo No.2, Op.54 (Kirchner, Theodor)	Q67759	20010	https://imslp.org/wiki/Scherzo_No.2%2C_Op.54_%28Kirchner%2C_Theodor%29	Scherzo No.2, Op.54			2026-09-24T15:06:38.859079+00:00
Serenade for Piano Trio (Kirchner, Theodor)	Q67759	100995	https://imslp.org/wiki/Serenade_for_Piano_Trio_%28Kirchner%2C_Theodor%29	Serenade for Piano Trio			2026-09-24T15:06:38.859079+00:00
Skizzen, Op.11 (Kirchner, Theodor)	Q67759	144983	https://imslp.org/wiki/Skizzen%2C_Op.11_%28Kirchner%2C_Theodor%29	Skizzen, Op.11			2026-09-24T15:06:38.859079+00:00
5 Sonatinas, Op.70 (Kirchner, Theodor)	Q67759	19751	https://imslp.org/wiki/5_Sonatinas%2C_Op.70_%28Kirchner%2C_Theodor%29	5 Sonatinas, Op.70	For 1 player|For piano|Sonatas		2026-09-24T15:06:38.859079+00:00
Spielsachen, Op.35 (Kirchner, Theodor)	Q67759	19736	https://imslp.org/wiki/Spielsachen%2C_Op.35_%28Kirchner%2C_Theodor%29	Spielsachen, Op.35	For 1 player|For piano|Pieces		2026-09-24T15:06:38.859079+00:00
Still und Bewegt, Op.24 (Kirchner, Theodor)	Q67759	18301	https://imslp.org/wiki/Still_und_Bewegt%2C_Op.24_%28Kirchner%2C_Theodor%29	Still und Bewegt, Op.24	For 1 player|For piano|Pieces		2026-09-24T15:06:38.859079+00:00
Stille Lieder und Tänze, Op.72 (Kirchner, Theodor)	Q67759	20051	https://imslp.org/wiki/Stille_Lieder_und_T%C3%A4nze%2C_Op.72_%28Kirchner%2C_Theodor%29	Stille Lieder und Tänze, Op.72	For 1 player|For piano|Lieder|Songs		2026-09-24T15:06:38.859079+00:00
String Quartet, Op.20 (Kirchner, Theodor)	Q67759	134081	https://imslp.org/wiki/String_Quartet%2C_Op.20_%28Kirchner%2C_Theodor%29	String Quartet, Op.20			2026-09-24T15:06:38.859079+00:00
25 Studies and Pieces, Op.30 (Kirchner, Theodor)	Q67759	19693	https://imslp.org/wiki/25_Studies_and_Pieces%2C_Op.30_%28Kirchner%2C_Theodor%29	25 Studies and Pieces, Op.30	For 1 player|For piano|Pieces		2026-09-24T15:06:38.859079+00:00
Tempo di Valse (Kirchner, Theodor)	Q67759	19945	https://imslp.org/wiki/Tempo_di_Valse_%28Kirchner%2C_Theodor%29	Tempo di Valse	For 1 player|For piano|Waltzes		2026-09-24T15:06:38.859079+00:00
2 Terzette for Piano Trio, Op.97 (Kirchner, Theodor)	Q67759	903788	https://imslp.org/wiki/2_Terzette_for_Piano_Trio%2C_Op.97_%28Kirchner%2C_Theodor%29	2 Terzette for Piano Trio, Op.97			2026-09-24T15:06:38.859079+00:00
2 Tonstücke, Op.92 (Kirchner, Theodor)	Q67759	233319	https://imslp.org/wiki/2_Tonst%C3%BCcke%2C_Op.92_%28Kirchner%2C_Theodor%29	2 Tonstücke, Op.92			2026-09-24T15:06:38.859079+00:00
12 Waltzes, Op.23 (Kirchner, Theodor)	Q67759	19687	https://imslp.org/wiki/12_Waltzes%2C_Op.23_%28Kirchner%2C_Theodor%29	12 Waltzes, Op.23	For 1 player|For 2 players (arr)|For piano|For piano 4 hands (arr)|Waltzes		2026-09-24T15:06:38.859079+00:00
7 Waltzes, Op.34 (Kirchner, Theodor)	Q67759	967817	https://imslp.org/wiki/7_Waltzes%2C_Op.34_%28Kirchner%2C_Theodor%29	7 Waltzes, Op.34			2026-09-24T15:06:38.859079+00:00
7 Waltzes, Op.86 (Kirchner, Theodor)	Q67759	33881	https://imslp.org/wiki/7_Waltzes%2C_Op.86_%28Kirchner%2C_Theodor%29	7 Waltzes, Op.86			2026-09-24T15:06:38.859079+00:00
Waltzes, Op.104 (Kirchner, Theodor)	Q67759	1209415	https://imslp.org/wiki/Waltzes%2C_Op.104_%28Kirchner%2C_Theodor%29	Waltzes, Op.104			2026-09-24T15:06:38.859079+00:00
Der 126. Psalm, Op.246 (Reinecke, Carl)	Q159569	1057721	https://imslp.org/wiki/Der_126._Psalm%2C_Op.246_%28Reinecke%2C_Carl%29	Der 126. Psalm, Op.246			2026-09-24T15:06:41.775271+00:00
5 Albumblätter, Op.243 (Reinecke, Carl)	Q159569	1184360	https://imslp.org/wiki/5_Albumbl%C3%A4tter%2C_Op.243_%28Reinecke%2C_Carl%29	5 Albumblätter, Op.243			2026-09-24T15:06:41.775271+00:00
20 Alte und neue Tänze für die Jugend, Op.228 (Reinecke, Carl)	Q159569	1057744	https://imslp.org/wiki/20_Alte_und_neue_T%C3%A4nze_f%C3%BCr_die_Jugend%2C_Op.228_%28Reinecke%2C_Carl%29	20 Alte und neue Tänze für die Jugend, Op.228			2026-09-24T15:06:41.775271+00:00
Alte und neue Tänze, Op.57 (Reinecke, Carl)	Q159569	34376	https://imslp.org/wiki/Alte_und_neue_T%C3%A4nze%2C_Op.57_%28Reinecke%2C_Carl%29	Alte und neue Tänze, Op.57	For 1 player|For piano		2026-09-24T15:06:41.775271+00:00
Andante and Variations, Op.6 (Reinecke, Carl)	Q159569	33686	https://imslp.org/wiki/Andante_and_Variations%2C_Op.6_%28Reinecke%2C_Carl%29	Andante and Variations, Op.6	For 2 pianos|For 2 players|Variations		2026-09-24T15:06:41.775271+00:00
Andante spianato e rondo giojoso, Op.49 (Reinecke, Carl)	Q159569	1059412	https://imslp.org/wiki/Andante_spianato_e_rondo_giojoso%2C_Op.49_%28Reinecke%2C_Carl%29	Andante spianato e rondo giojoso, Op.49			2026-09-24T15:06:41.775271+00:00
Aschenbrödel, Op.150 (Reinecke, Carl)	Q159569	828737	https://imslp.org/wiki/Aschenbr%C3%B6del%2C_Op.150_%28Reinecke%2C_Carl%29	Aschenbrödel, Op.150			2026-09-24T15:06:41.775271+00:00
Aus unseren vier Wänden, Op.154 (Reinecke, Carl)	Q159569	324593	https://imslp.org/wiki/Aus_unseren_vier_W%C3%A4nden%2C_Op.154_%28Reinecke%2C_Carl%29	Aus unseren vier Wänden, Op.154			2026-09-24T15:06:41.775271+00:00
Ballade, Op.20 (Reinecke, Carl)	Q159569	479115	https://imslp.org/wiki/Ballade%2C_Op.20_%28Reinecke%2C_Carl%29	Ballade, Op.20			2026-09-24T15:06:41.775271+00:00
Ballade, Op.215 (Reinecke, Carl)	Q159569	1437720	https://imslp.org/wiki/Ballade%2C_Op.215_%28Reinecke%2C_Carl%29	Ballade, Op.215			2026-09-24T15:06:41.775271+00:00
Ballade, Op.288 (Reinecke, Carl)	Q159569	120183	https://imslp.org/wiki/Ballade%2C_Op.288_%28Reinecke%2C_Carl%29	Ballade, Op.288			2026-09-24T15:06:41.775271+00:00
La belle Grisélidis, Op.94 (Reinecke, Carl)	Q159569	20972	https://imslp.org/wiki/La_belle_Gris%C3%A9lidis%2C_Op.94_%28Reinecke%2C_Carl%29	La belle Grisélidis, Op.94	For 2 pianos|For 2 players		2026-09-24T15:06:41.775271+00:00
Biblische Bilder, Op.220 (Reinecke, Carl)	Q159569	12057	https://imslp.org/wiki/Biblische_Bilder%2C_Op.220_%28Reinecke%2C_Carl%29	Biblische Bilder, Op.220	For 1 player (arr)|For orchestra|For piano (arr)|Pieces		2026-09-24T15:06:41.775271+00:00
Bilder aus Süden, Op.86 (Reinecke, Carl)	Q159569	833270	https://imslp.org/wiki/Bilder_aus_S%C3%BCden%2C_Op.86_%28Reinecke%2C_Carl%29	Bilder aus Süden, Op.86			2026-09-24T15:06:41.775271+00:00
Blumenlieder, Op.276 (Reinecke, Carl)	Q159569	1058450	https://imslp.org/wiki/Blumenlieder%2C_Op.276_%28Reinecke%2C_Carl%29	Blumenlieder, Op.276			2026-09-24T15:06:41.775271+00:00
Cadenzas to Classical Piano Concertos, Op.87 (Reinecke, Carl)	Q159569	107663	https://imslp.org/wiki/Cadenzas_to_Classical_Piano_Concertos%2C_Op.87_%28Reinecke%2C_Carl%29	Cadenzas to Classical Piano Concertos, Op.87	For 1 player|For piano		2026-09-24T15:06:41.775271+00:00
3 Cadenzen zum Concert für Flöte und Harfe von Mozart (Reinecke, Carl)	Q159569	779221	https://imslp.org/wiki/3_Cadenzen_zum_Concert_f%C3%BCr_Fl%C3%B6te_und_Harfe_von_Mozart_%28Reinecke%2C_Carl%29	3 Cadenzen zum Concert für Flöte und Harfe von Mozart			2026-09-24T15:06:41.775271+00:00
12 Canonische Gesänge, Op.163 (Reinecke, Carl)	Q159569	453961	https://imslp.org/wiki/12_Canonische_Ges%C3%A4nge%2C_Op.163_%28Reinecke%2C_Carl%29	12 Canonische Gesänge, Op.163			2026-09-24T15:06:41.775271+00:00
Cello Concerto, Op.82 (Reinecke, Carl)	Q159569	184825	https://imslp.org/wiki/Cello_Concerto%2C_Op.82_%28Reinecke%2C_Carl%29	Cello Concerto, Op.82			2026-09-24T15:06:41.775271+00:00
Cello Sonata No.1, Op.42 (Reinecke, Carl)	Q159569	67025	https://imslp.org/wiki/Cello_Sonata_No.1%2C_Op.42_%28Reinecke%2C_Carl%29	Cello Sonata No.1, Op.42	For 2 players|For cello, piano|For viola, piano|For violin, piano|Sonatas		2026-09-24T15:06:41.775271+00:00
Cello Sonata No.2, Op.89 (Reinecke, Carl)	Q159569	74599	https://imslp.org/wiki/Cello_Sonata_No.2%2C_Op.89_%28Reinecke%2C_Carl%29	Cello Sonata No.2, Op.89	For 2 players|For cello, piano|Sonatas		2026-09-24T15:06:41.775271+00:00
Cello Sonata No.3, Op.238 (Reinecke, Carl)	Q159569	74672	https://imslp.org/wiki/Cello_Sonata_No.3%2C_Op.238_%28Reinecke%2C_Carl%29	Cello Sonata No.3, Op.238	For 2 players|For cello, piano|Sonatas		2026-09-24T15:06:41.775271+00:00
2 Charakterstücke und eine Fuge für die linke Hand, Op.1 (Reinecke, Carl)	Q159569	726045	https://imslp.org/wiki/2_Charakterst%C3%BCcke_und_eine_Fuge_f%C3%BCr_die_linke_Hand%2C_Op.1_%28Reinecke%2C_Carl%29	2 Charakterstücke und eine Fuge für die linke Hand, Op.1			2026-09-24T15:06:41.775271+00:00
Christmas Carol (Reinecke, Carl)	Q159569	1528627	https://imslp.org/wiki/Christmas_Carol_%28Reinecke%2C_Carl%29	Christmas Carol			2026-09-24T15:06:41.775271+00:00
Deutscher-Triumph-Marsch, Op.110 (Reinecke, Carl)	Q159569	690110	https://imslp.org/wiki/Deutscher-Triumph-Marsch%2C_Op.110_%28Reinecke%2C_Carl%29	Deutscher-Triumph-Marsch, Op.110			2026-09-24T15:06:41.775271+00:00
Dornröschen, Op.139 (Reinecke, Carl)	Q159569	195952	https://imslp.org/wiki/Dornr%C3%B6schen%2C_Op.139_%28Reinecke%2C_Carl%29	Dornröschen, Op.139			2026-09-24T15:06:41.775271+00:00
3 Easy Piano Trios, Op.159 (Reinecke, Carl)	Q159569	86798	https://imslp.org/wiki/3_Easy_Piano_Trios%2C_Op.159_%28Reinecke%2C_Carl%29	3 Easy Piano Trios, Op.159	For 3 players|For 3 players (arr)|For violin, cello, piano		2026-09-24T15:06:41.775271+00:00
Ein Abenteuer Händels, Op.104 (Reinecke, Carl)	Q159569	976105	https://imslp.org/wiki/Ein_Abenteuer_H%C3%A4ndels%2C_Op.104_%28Reinecke%2C_Carl%29	Ein Abenteuer Händels, Op.104			2026-09-24T15:06:41.775271+00:00
Ein Märchen ohne Worte, Op.165 (Reinecke, Carl)	Q159569	120219	https://imslp.org/wiki/Ein_M%C3%A4rchen_ohne_Worte%2C_Op.165_%28Reinecke%2C_Carl%29	Ein Märchen ohne Worte, Op.165			2026-09-24T15:06:41.775271+00:00
Ein Neues Notenbuch für Kleine Leute, Op.107 (Reinecke, Carl)	Q159569	202085	https://imslp.org/wiki/Ein_Neues_Notenbuch_f%C3%BCr_Kleine_Leute%2C_Op.107_%28Reinecke%2C_Carl%29	Ein Neues Notenbuch für Kleine Leute, Op.107			2026-09-24T15:06:41.775271+00:00
Ernstes und Heiteres, Op.145 (Reinecke, Carl)	Q159569	1548781	https://imslp.org/wiki/Ernstes_und_Heiteres%2C_Op.145_%28Reinecke%2C_Carl%29	Ernstes und Heiteres, Op.145			2026-09-24T15:06:41.775271+00:00
24 Études, Op.121 (Reinecke, Carl)	Q159569	33697	https://imslp.org/wiki/24_%C3%89tudes%2C_Op.121_%28Reinecke%2C_Carl%29	24 Études, Op.121	For 1 player|For piano		2026-09-24T15:06:41.775271+00:00
Fantasie in Form einer Sonate, Op.15 (Reinecke, Carl)	Q159569	841407	https://imslp.org/wiki/Fantasie_in_Form_einer_Sonate%2C_Op.15_%28Reinecke%2C_Carl%29	Fantasie in Form einer Sonate, Op.15			2026-09-24T15:06:41.775271+00:00
3 Fantasiestücke for Viola and Piano, Op.43 (Reinecke, Carl)	Q159569	34462	https://imslp.org/wiki/3_Fantasiest%C3%BCcke_for_Viola_and_Piano%2C_Op.43_%28Reinecke%2C_Carl%29	3 Fantasiestücke for Viola and Piano, Op.43	For 2 players|For viola, piano		2026-09-24T15:06:41.775271+00:00
Fantasiestücke, Op.7 (Reinecke, Carl)	Q159569	125597	https://imslp.org/wiki/Fantasiest%C3%BCcke%2C_Op.7_%28Reinecke%2C_Carl%29	Fantasiestücke, Op.7			2026-09-24T15:06:41.775271+00:00
Fantasiestücke, Op.22 (Reinecke, Carl)	Q159569	320106	https://imslp.org/wiki/Fantasiest%C3%BCcke%2C_Op.22_%28Reinecke%2C_Carl%29	Fantasiestücke, Op.22			2026-09-24T15:06:41.775271+00:00
Fest-Ouverture, Op.148 (Reinecke, Carl)	Q159569	259151	https://imslp.org/wiki/Fest-Ouverture%2C_Op.148_%28Reinecke%2C_Carl%29	Fest-Ouverture, Op.148			2026-09-24T15:06:41.775271+00:00
Fest-Ouvertüre, Op.218 (Reinecke, Carl)	Q159569	86802	https://imslp.org/wiki/Fest-Ouvert%C3%BCre%2C_Op.218_%28Reinecke%2C_Carl%29	Fest-Ouvertüre, Op.218			2026-09-24T15:06:41.775271+00:00
Flute Concerto, Op.283 (Reinecke, Carl)	Q159569	165755	https://imslp.org/wiki/Flute_Concerto%2C_Op.283_%28Reinecke%2C_Carl%29	Flute Concerto, Op.283			2026-09-24T15:06:41.775271+00:00
Flute Sonata, Op.167 (Reinecke, Carl)	Q159569	69723	https://imslp.org/wiki/Flute_Sonata%2C_Op.167_%28Reinecke%2C_Carl%29	Flute Sonata, Op.167	For 2 players|For 2 players (arr)|For flute, piano|For viola, piano (arr)|Sonatas		2026-09-24T15:06:41.775271+00:00
Friedensfeier Fest-Ouverture, Op.105 (Reinecke, Carl)	Q159569	541539	https://imslp.org/wiki/Friedensfeier_Fest-Ouverture%2C_Op.105_%28Reinecke%2C_Carl%29	Friedensfeier Fest-Ouverture, Op.105			2026-09-24T15:06:41.775271+00:00
Funerále (Reinecke, Carl)	Q159569	622031	https://imslp.org/wiki/Funer%C3%A1le_%28Reinecke%2C_Carl%29	Funerále			2026-09-24T15:06:41.775271+00:00
Für kleine Hände, Op.173 (Reinecke, Carl)	Q159569	1052301	https://imslp.org/wiki/F%C3%BCr_kleine_H%C3%A4nde%2C_Op.173_%28Reinecke%2C_Carl%29	Für kleine Hände, Op.173			2026-09-24T15:06:41.775271+00:00
6 Geistliche Lieder, Op.85 (Reinecke, Carl)	Q159569	914333	https://imslp.org/wiki/6_Geistliche_Lieder%2C_Op.85_%28Reinecke%2C_Carl%29	6 Geistliche Lieder, Op.85			2026-09-24T15:06:41.775271+00:00
Gigue in D minor (Reinecke, Carl)	Q159569	675705	https://imslp.org/wiki/Gigue_in_D_minor_%28Reinecke%2C_Carl%29	Gigue in D minor			2026-09-24T15:06:41.775271+00:00
Glückskind und Pechvogel, Op.177 (Reinecke, Carl)	Q159569	259155	https://imslp.org/wiki/Gl%C3%BCckskind_und_Pechvogel%2C_Op.177_%28Reinecke%2C_Carl%29	Glückskind und Pechvogel, Op.177			2026-09-24T15:06:41.775271+00:00
Der Gouverneur von Tours (Reinecke, Carl)	Q159569	416791	https://imslp.org/wiki/Der_Gouverneur_von_Tours_%28Reinecke%2C_Carl%29	Der Gouverneur von Tours			2026-09-24T15:06:41.775271+00:00
Grüsse an die Jugend, Op.236 (Reinecke, Carl)	Q159569	1058443	https://imslp.org/wiki/Gr%C3%BCsse_an_die_Jugend%2C_Op.236_%28Reinecke%2C_Carl%29	Grüsse an die Jugend, Op.236			2026-09-24T15:06:41.775271+00:00
Hakon Jarl, Op.142 (Reinecke, Carl)	Q159569	956341	https://imslp.org/wiki/Hakon_Jarl%2C_Op.142_%28Reinecke%2C_Carl%29	Hakon Jarl, Op.142			2026-09-24T15:06:41.775271+00:00
Harp Concerto, Op.182 (Reinecke, Carl)	Q159569	140949	https://imslp.org/wiki/Harp_Concerto%2C_Op.182_%28Reinecke%2C_Carl%29	Harp Concerto, Op.182	Concertos|For harp, orchestra|For orchestra with soloists		2026-09-24T15:06:41.775271+00:00
Hausmusik, Op.77 (Reinecke, Carl)	Q159569	34379	https://imslp.org/wiki/Hausmusik%2C_Op.77_%28Reinecke%2C_Carl%29	Hausmusik, Op.77	For 1 player|For piano|Pieces		2026-09-24T15:06:41.775271+00:00
Herbst, Op.81 (Reinecke, Carl)	Q159569	1521791	https://imslp.org/wiki/Herbst%2C_Op.81_%28Reinecke%2C_Carl%29	Herbst, Op.81			2026-09-24T15:06:41.775271+00:00
Das Hindumädchen, Op.151 (Reinecke, Carl)	Q159569	1477947	https://imslp.org/wiki/Das_Hindum%C3%A4dchen%2C_Op.151_%28Reinecke%2C_Carl%29	Das Hindumädchen, Op.151			2026-09-24T15:06:41.775271+00:00
Impromptu, Op.66 (Reinecke, Carl)	Q159569	33692	https://imslp.org/wiki/Impromptu%2C_Op.66_%28Reinecke%2C_Carl%29	Impromptu, Op.66	For 2 pianos|For 2 players|For 2 players (arr)|For piano 4 hands (arr)		2026-09-24T15:06:41.775271+00:00
Improvisata über eine Gavotte von Gluck, Op.125 (Reinecke, Carl)	Q159569	120224	https://imslp.org/wiki/Improvisata_%C3%BCber_eine_Gavotte_von_Gluck%2C_Op.125_%28Reinecke%2C_Carl%29	Improvisata über eine Gavotte von Gluck, Op.125	For 2 pianos (arr)|For 2 players|For 2 players (arr)|For piano 4 hands		2026-09-24T15:06:41.775271+00:00
In Memoriam, Op.128 (Reinecke, Carl)	Q159569	690102	https://imslp.org/wiki/In_Memoriam%2C_Op.128_%28Reinecke%2C_Carl%29	In Memoriam, Op.128			2026-09-24T15:06:41.775271+00:00
Introduzione ed allegro appassionato, Op.256 (Reinecke, Carl)	Q159569	346208	https://imslp.org/wiki/Introduzione_ed_allegro_appassionato%2C_Op.256_%28Reinecke%2C_Carl%29	Introduzione ed allegro appassionato, Op.256			2026-09-24T15:06:41.775271+00:00
Das Jahrmarktsfest zu Plundersweilern, Op.92 (Reinecke, Carl)	Q159569	259146	https://imslp.org/wiki/Das_Jahrmarktsfest_zu_Plundersweilern%2C_Op.92_%28Reinecke%2C_Carl%29	Das Jahrmarktsfest zu Plundersweilern, Op.92			2026-09-24T15:06:41.775271+00:00
Kinder-Sinfonie, Op.239 (Reinecke, Carl)	Q159569	34891	https://imslp.org/wiki/Kinder-Sinfonie%2C_Op.239_%28Reinecke%2C_Carl%29	Kinder-Sinfonie, Op.239	For strings with soloists|For toy instruments, piano, strings|Symphonies		2026-09-24T15:06:41.775271+00:00
8 Kinderlieder, Op.37 (Reinecke, Carl)	Q159569	165857	https://imslp.org/wiki/8_Kinderlieder%2C_Op.37_%28Reinecke%2C_Carl%29	8 Kinderlieder, Op.37			2026-09-24T15:06:41.775271+00:00
8 Kinderlieder, Op.138 (Reinecke, Carl)	Q159569	1551867	https://imslp.org/wiki/8_Kinderlieder%2C_Op.138_%28Reinecke%2C_Carl%29	8 Kinderlieder, Op.138			2026-09-24T15:06:41.775271+00:00
4 Klavierstücke, Op.13 (Reinecke, Carl)	Q159569	1053713	https://imslp.org/wiki/4_Klavierst%C3%BCcke%2C_Op.13_%28Reinecke%2C_Carl%29	4 Klavierstücke, Op.13			2026-09-24T15:06:41.775271+00:00
3 Klavierstücke, Op.113 (Reinecke, Carl)	Q159569	1316381	https://imslp.org/wiki/3_Klavierst%C3%BCcke%2C_Op.113_%28Reinecke%2C_Carl%29	3 Klavierstücke, Op.113			2026-09-24T15:06:41.775271+00:00
3 Klavierstücke, Op.219 (Reinecke, Carl)	Q159569	847460	https://imslp.org/wiki/3_Klavierst%C3%BCcke%2C_Op.219_%28Reinecke%2C_Carl%29	3 Klavierstücke, Op.219			2026-09-24T15:06:41.775271+00:00
3 Klavierstücke, Op.247 (Reinecke, Carl)	Q159569	1058117	https://imslp.org/wiki/3_Klavierst%C3%BCcke%2C_Op.247_%28Reinecke%2C_Carl%29	3 Klavierstücke, Op.247			2026-09-24T15:06:41.775271+00:00
12 Klavierstücke, Op.262a (Reinecke, Carl)	Q159569	1059088	https://imslp.org/wiki/12_Klavierst%C3%BCcke%2C_Op.262a_%28Reinecke%2C_Carl%29	12 Klavierstücke, Op.262a			2026-09-24T15:06:41.775271+00:00
3 Kleine Fantasien, Op.9 (Reinecke, Carl)	Q159569	1518407	https://imslp.org/wiki/3_Kleine_Fantasien%2C_Op.9_%28Reinecke%2C_Carl%29	3 Kleine Fantasien, Op.9			2026-09-24T15:06:41.775271+00:00
2 Kleine Fantasien, Op.221 (Reinecke, Carl)	Q159569	1184357	https://imslp.org/wiki/2_Kleine_Fantasien%2C_Op.221_%28Reinecke%2C_Carl%29	2 Kleine Fantasien, Op.221			2026-09-24T15:06:41.775271+00:00
15 Kleine Fantasiestücke, Op.17 (Reinecke, Carl)	Q159569	34369	https://imslp.org/wiki/15_Kleine_Fantasiest%C3%BCcke%2C_Op.17_%28Reinecke%2C_Carl%29	15 Kleine Fantasiestücke, Op.17	For 1 player|For piano		2026-09-24T15:06:41.775271+00:00
Kleine Stücke, Op.213 (Reinecke, Carl)	Q159569	442825	https://imslp.org/wiki/Kleine_St%C3%BCcke%2C_Op.213_%28Reinecke%2C_Carl%29	Kleine Stücke, Op.213	For 2 players|For 2 players (arr)|For viola, piano (arr)|For violin, piano|Pieces		2026-09-24T15:06:41.775271+00:00
12 Kleine und leichte Etüden, Op.162 (Reinecke, Carl)	Q159569	1053733	https://imslp.org/wiki/12_Kleine_und_leichte_Et%C3%BCden%2C_Op.162_%28Reinecke%2C_Carl%29	12 Kleine und leichte Etüden, Op.162			2026-09-24T15:06:41.775271+00:00
24 Kleinere Studien, Op.137 (Reinecke, Carl)	Q159569	1058121	https://imslp.org/wiki/24_Kleinere_Studien%2C_Op.137_%28Reinecke%2C_Carl%29	24 Kleinere Studien, Op.137			2026-09-24T15:06:41.775271+00:00
König Manfred, Op.93 (Reinecke, Carl)	Q159569	133318	https://imslp.org/wiki/K%C3%B6nig_Manfred%2C_Op.93_%28Reinecke%2C_Carl%29	König Manfred, Op.93	For 2 players (arr)|For cello, piano (arr)|For orchestra (arr)|For piano 4 hands (arr)|For voices, mixed chorus, orchestra|For voices and chorus with orchestra|Operas		2026-09-24T15:06:41.775271+00:00
Konzertstück, Op.33 (Reinecke, Carl)	Q159569	514846	https://imslp.org/wiki/Konzertst%C3%BCck%2C_Op.33_%28Reinecke%2C_Carl%29	Konzertstück, Op.33	Concertos|For orchestra with soloists|For piano, orchestra|For piano, strings|For strings with soloists		2026-09-24T15:06:41.775271+00:00
Ländler, Op.152 (Reinecke, Carl)	Q159569	767357	https://imslp.org/wiki/L%C3%A4ndler%2C_Op.152_%28Reinecke%2C_Carl%29	Ländler, Op.152			2026-09-24T15:06:41.775271+00:00
6 Leichte Duos, Op.212 (Reinecke, Carl)	Q159569	859949	https://imslp.org/wiki/6_Leichte_Duos%2C_Op.212_%28Reinecke%2C_Carl%29	6 Leichte Duos, Op.212			2026-09-24T15:06:41.775271+00:00
Leichte Klavierstücke, Op.252 (Reinecke, Carl)	Q159569	1058445	https://imslp.org/wiki/Leichte_Klavierst%C3%BCcke%2C_Op.252_%28Reinecke%2C_Carl%29	Leichte Klavierstücke, Op.252			2026-09-24T15:06:41.775271+00:00
10 Leichte Stückchen, Op.174 (Reinecke, Carl)	Q159569	687830	https://imslp.org/wiki/10_Leichte_St%C3%BCckchen%2C_Op.174_%28Reinecke%2C_Carl%29	10 Leichte Stückchen, Op.174			2026-09-24T15:06:41.775271+00:00
Liebeslieder, Op.195 (Reinecke, Carl)	Q159569	914313	https://imslp.org/wiki/Liebeslieder%2C_Op.195_%28Reinecke%2C_Carl%29	Liebeslieder, Op.195			2026-09-24T15:06:41.775271+00:00
Lieder der Nacht, Op.31 (Reinecke, Carl)	Q159569	34372	https://imslp.org/wiki/Lieder_der_Nacht%2C_Op.31_%28Reinecke%2C_Carl%29	Lieder der Nacht, Op.31	For 1 player|For 3 players (arr)|For flute, harp, cello (arr)|For piano|Lieder|Songs		2026-09-24T15:06:41.775271+00:00
5 Lieder und Gesänge, Op.68 (Reinecke, Carl)	Q159569	914340	https://imslp.org/wiki/5_Lieder_und_Ges%C3%A4nge%2C_Op.68_%28Reinecke%2C_Carl%29	5 Lieder und Gesänge, Op.68			2026-09-24T15:06:41.775271+00:00
2 Lieder (Reinecke, Carl)	Q159569	1465223	https://imslp.org/wiki/2_Lieder_%28Reinecke%2C_Carl%29	2 Lieder			2026-09-24T15:06:41.775271+00:00
5 Lieder, Op.14 (Reinecke, Carl)	Q159569	200960	https://imslp.org/wiki/5_Lieder%2C_Op.14_%28Reinecke%2C_Carl%29	5 Lieder, Op.14	For 4 voices|For unaccompanied voices|Lieder|Songs		2026-09-24T15:06:41.775271+00:00
2 Lieder, Op.26 (Reinecke, Carl)	Q159569	317061	https://imslp.org/wiki/2_Lieder%2C_Op.26_%28Reinecke%2C_Carl%29	2 Lieder, Op.26	For voice, violin, piano|For voices with solo instruments|Lieder|Songs		2026-09-24T15:06:41.775271+00:00
6 Lieder, Op.27 (Reinecke, Carl)	Q159569	690427	https://imslp.org/wiki/6_Lieder%2C_Op.27_%28Reinecke%2C_Carl%29	6 Lieder, Op.27			2026-09-24T15:06:41.775271+00:00
4 Lieder, Op.29 (Reinecke, Carl)	Q159569	430691	https://imslp.org/wiki/4_Lieder%2C_Op.29_%28Reinecke%2C_Carl%29	4 Lieder, Op.29			2026-09-24T15:06:41.775271+00:00
6 Lieder, Op.41 (Reinecke, Carl)	Q159569	1057775	https://imslp.org/wiki/6_Lieder%2C_Op.41_%28Reinecke%2C_Carl%29	6 Lieder, Op.41			2026-09-24T15:06:41.775271+00:00
12 Lieder, Op.217 (Reinecke, Carl)	Q159569	689890	https://imslp.org/wiki/12_Lieder%2C_Op.217_%28Reinecke%2C_Carl%29	12 Lieder, Op.217			2026-09-24T15:06:41.775271+00:00
6 Liedersonatinen (Reinecke, Carl)	Q159569	1003741	https://imslp.org/wiki/6_Liedersonatinen_%28Reinecke%2C_Carl%29	6 Liedersonatinen			2026-09-24T15:06:41.775271+00:00
Mädchenlieder, Op.88 (Reinecke, Carl)	Q159569	33695	https://imslp.org/wiki/M%C3%A4dchenlieder%2C_Op.88_%28Reinecke%2C_Carl%29	Mädchenlieder, Op.88	For 1 player|For 2 players (arr)|For cello, piano (arr)|For piano|For strings (arr)|Lieder|Songs		2026-09-24T15:06:41.775271+00:00
Mailied (Reinecke, Carl)	Q159569	317196	https://imslp.org/wiki/Mailied_%28Reinecke%2C_Carl%29	Mailied	For 2 voices, piano (arr)|For voice, piano|For voices with keyboard|For voices with keyboard (arr)|Lieder		2026-09-24T15:06:41.775271+00:00
Märchengestalten, Op.147 (Reinecke, Carl)	Q159569	46919	https://imslp.org/wiki/M%C3%A4rchengestalten%2C_Op.147_%28Reinecke%2C_Carl%29	Märchengestalten, Op.147	For 1 player|For piano		2026-09-24T15:06:41.775271+00:00
Miniature Sonatine (Reinecke, Carl)	Q159569	1615869	https://imslp.org/wiki/Miniature_Sonatine_%28Reinecke%2C_Carl%29	Miniature Sonatine			2026-09-24T15:06:41.775271+00:00
Mirjam's Siegesgesang, Op.74 (Reinecke, Carl)	Q159569	1477418	https://imslp.org/wiki/Mirjam%27s_Siegesgesang%2C_Op.74_%28Reinecke%2C_Carl%29	Mirjam's Siegesgesang, Op.74			2026-09-24T15:06:41.775271+00:00
Missa cum offertorio, Op.95 (Reinecke, Carl)	Q159569	1318342	https://imslp.org/wiki/Missa_cum_offertorio%2C_Op.95_%28Reinecke%2C_Carl%29	Missa cum offertorio, Op.95			2026-09-24T15:06:41.775271+00:00
6 Modern Characteristic Sketches, Op.266 (Reinecke, Carl)	Q159569	1058109	https://imslp.org/wiki/6_Modern_Characteristic_Sketches%2C_Op.266_%28Reinecke%2C_Carl%29	6 Modern Characteristic Sketches, Op.266			2026-09-24T15:06:41.775271+00:00
Mozartiana, Op.253 (Reinecke, Carl)	Q159569	1058447	https://imslp.org/wiki/Mozartiana%2C_Op.253_%28Reinecke%2C_Carl%29	Mozartiana, Op.253			2026-09-24T15:06:41.775271+00:00
Musikalischer Kindergarten, Op.206 (Reinecke, Carl)	Q159569	497049	https://imslp.org/wiki/Musikalischer_Kindergarten%2C_Op.206_%28Reinecke%2C_Carl%29	Musikalischer Kindergarten, Op.206			2026-09-24T15:06:41.775271+00:00
Notturno, Op.112 (Reinecke, Carl)	Q159569	513558	https://imslp.org/wiki/Notturno%2C_Op.112_%28Reinecke%2C_Carl%29	Notturno, Op.112			2026-09-24T15:06:41.775271+00:00
Novellette, Op.226 (Reinecke, Carl)	Q159569	38425	https://imslp.org/wiki/Novellette%2C_Op.226_%28Reinecke%2C_Carl%29	Novellette, Op.226	For 1 player|For piano|Pieces		2026-09-24T15:06:41.775271+00:00
Nussknacker und Mausekönig, Op.46 (Reinecke, Carl)	Q159569	138756	https://imslp.org/wiki/Nussknacker_und_Mausek%C3%B6nig%2C_Op.46_%28Reinecke%2C_Carl%29	Nussknacker und Mausekönig, Op.46			2026-09-24T15:06:41.775271+00:00
Octet, Op.216 (Reinecke, Carl)	Q159569	52329	https://imslp.org/wiki/Octet%2C_Op.216_%28Reinecke%2C_Carl%29	Octet, Op.216			2026-09-24T15:06:41.775271+00:00
Ouverture zu Calderon’s 'Dame Kobold', Op.51 (Reinecke, Carl)	Q159569	259144	https://imslp.org/wiki/Ouverture_zu_Calderon%E2%80%99s_%27Dame_Kobold%27%2C_Op.51_%28Reinecke%2C_Carl%29	Ouverture zu Calderon’s 'Dame Kobold', Op.51			2026-09-24T15:06:41.775271+00:00
10 Petits morceaux, Op.122a (Reinecke, Carl)	Q159569	1401266	https://imslp.org/wiki/10_Petits_morceaux%2C_Op.122a_%28Reinecke%2C_Carl%29	10 Petits morceaux, Op.122a			2026-09-24T15:06:41.775271+00:00
Piano Concerto No.1, Op.72 (Reinecke, Carl)	Q159569	33703	https://imslp.org/wiki/Piano_Concerto_No.1%2C_Op.72_%28Reinecke%2C_Carl%29	Piano Concerto No.1, Op.72	Concertos|For orchestra with soloists|For piano, orchestra		2026-09-24T15:06:41.775271+00:00
Piano Concerto No.2, Op.120 (Reinecke, Carl)	Q159569	67828	https://imslp.org/wiki/Piano_Concerto_No.2%2C_Op.120_%28Reinecke%2C_Carl%29	Piano Concerto No.2, Op.120			2026-09-24T15:06:41.775271+00:00
Piano Concerto No.3, Op.144 (Reinecke, Carl)	Q159569	34395	https://imslp.org/wiki/Piano_Concerto_No.3%2C_Op.144_%28Reinecke%2C_Carl%29	Piano Concerto No.3, Op.144	Concertos|For 2 pianos (arr)|For 2 players (arr)|For orchestra with soloists|For piano, orchestra		2026-09-24T15:06:41.775271+00:00
Piano Concerto No.4, Op.254 (Reinecke, Carl)	Q159569	27208	https://imslp.org/wiki/Piano_Concerto_No.4%2C_Op.254_%28Reinecke%2C_Carl%29	Piano Concerto No.4, Op.254	Concertos|For 2 pianos (arr)|For 2 players (arr)|For orchestra with soloists|For piano, orchestra		2026-09-24T15:06:41.775271+00:00
4 Piano Pieces, Op.129 (Reinecke, Carl)	Q159569	34382	https://imslp.org/wiki/4_Piano_Pieces%2C_Op.129_%28Reinecke%2C_Carl%29	4 Piano Pieces, Op.129	For 1 player|For piano|Pieces		2026-09-24T15:06:41.775271+00:00
Piano Quartet, Op.34 (Reinecke, Carl)	Q159569	633516	https://imslp.org/wiki/Piano_Quartet%2C_Op.34_%28Reinecke%2C_Carl%29	Piano Quartet, Op.34			2026-09-24T15:06:41.775271+00:00
Piano Quartet, Op.272 (Reinecke, Carl)	Q159569	131884	https://imslp.org/wiki/Piano_Quartet%2C_Op.272_%28Reinecke%2C_Carl%29	Piano Quartet, Op.272			2026-09-24T15:06:41.775271+00:00
Piano Quintet, Op.83 (Reinecke, Carl)	Q159569	20692	https://imslp.org/wiki/Piano_Quintet%2C_Op.83_%28Reinecke%2C_Carl%29	Piano Quintet, Op.83	For 2 violins, viola, cello, piano|For 5 players|Quintets		2026-09-24T15:06:41.775271+00:00
Piano Trio No.1, Op.38 (Reinecke, Carl)	Q159569	689913	https://imslp.org/wiki/Piano_Trio_No.1%2C_Op.38_%28Reinecke%2C_Carl%29	Piano Trio No.1, Op.38			2026-09-24T15:06:41.775271+00:00
Piano Trio No.2, Op.230 (Reinecke, Carl)	Q159569	102417	https://imslp.org/wiki/Piano_Trio_No.2%2C_Op.230_%28Reinecke%2C_Carl%29	Piano Trio No.2, Op.230			2026-09-24T15:06:41.775271+00:00
3 Pieces for Cello and Piano, Op.146 (Reinecke, Carl)	Q159569	86795	https://imslp.org/wiki/3_Pieces_for_Cello_and_Piano%2C_Op.146_%28Reinecke%2C_Carl%29	3 Pieces for Cello and Piano, Op.146			2026-09-24T15:06:41.775271+00:00
Pieces for Piano 4 Hands, Op.54 (Reinecke, Carl)	Q159569	142633	https://imslp.org/wiki/Pieces_for_Piano_4_Hands%2C_Op.54_%28Reinecke%2C_Carl%29	Pieces for Piano 4 Hands, Op.54			2026-09-24T15:06:41.775271+00:00
Polonaise, Op. 21 (Reinecke, Carl)	Q159569	1553840	https://imslp.org/wiki/Polonaise%2C_Op._21_%28Reinecke%2C_Carl%29	Polonaise, Op. 21			2026-09-24T15:06:41.775271+00:00
Präludien und Fugen, Op.65 (Reinecke, Carl)	Q159569	690123	https://imslp.org/wiki/Pr%C3%A4ludien_und_Fugen%2C_Op.65_%28Reinecke%2C_Carl%29	Präludien und Fugen, Op.65			2026-09-24T15:06:41.775271+00:00
Prologus Solemnis, Op.223 (Reinecke, Carl)	Q159569	1174975	https://imslp.org/wiki/Prologus_Solemnis%2C_Op.223_%28Reinecke%2C_Carl%29	Prologus Solemnis, Op.223			2026-09-24T15:06:41.775271+00:00
Romanze, Op.3 (Reinecke, Carl)	Q159569	148457	https://imslp.org/wiki/Romanze%2C_Op.3_%28Reinecke%2C_Carl%29	Romanze, Op.3			2026-09-24T15:06:41.775271+00:00
Romanze, Op.155 (Reinecke, Carl)	Q159569	1478590	https://imslp.org/wiki/Romanze%2C_Op.155_%28Reinecke%2C_Carl%29	Romanze, Op.155			2026-09-24T15:06:41.775271+00:00
3 Romanzen, Op.28 (Reinecke, Carl)	Q159569	1059410	https://imslp.org/wiki/3_Romanzen%2C_Op.28_%28Reinecke%2C_Carl%29	3 Romanzen, Op.28			2026-09-24T15:06:41.775271+00:00
Romanzero, Op.263 (Reinecke, Carl)	Q159569	161754	https://imslp.org/wiki/Romanzero%2C_Op.263_%28Reinecke%2C_Carl%29	Romanzero, Op.263			2026-09-24T15:06:41.775271+00:00
Scherzino (Reinecke, Carl)	Q159569	386740	https://imslp.org/wiki/Scherzino_%28Reinecke%2C_Carl%29	Scherzino			2026-09-24T15:06:41.775271+00:00
Schneewittchen, Op.133 (Reinecke, Carl)	Q159569	312537	https://imslp.org/wiki/Schneewittchen%2C_Op.133_%28Reinecke%2C_Carl%29	Schneewittchen, Op.133			2026-09-24T15:06:41.775271+00:00
Serenade for Strings, Op.242 (Reinecke, Carl)	Q159569	213014	https://imslp.org/wiki/Serenade_for_Strings%2C_Op.242_%28Reinecke%2C_Carl%29	Serenade for Strings, Op.242			2026-09-24T15:06:41.775271+00:00
5 Serenaden für die Jugend, Op.183 (Reinecke, Carl)	Q159569	527750	https://imslp.org/wiki/5_Serenaden_f%C3%BCr_die_Jugend%2C_Op.183_%28Reinecke%2C_Carl%29	5 Serenaden für die Jugend, Op.183			2026-09-24T15:06:41.775271+00:00
2 Serenades, Op.126 (Reinecke, Carl)	Q159569	287504	https://imslp.org/wiki/2_Serenades%2C_Op.126_%28Reinecke%2C_Carl%29	2 Serenades, Op.126			2026-09-24T15:06:41.775271+00:00
Sketches in Tone, Op.265 (Reinecke, Carl)	Q159569	1058102	https://imslp.org/wiki/Sketches_in_Tone%2C_Op.265_%28Reinecke%2C_Carl%29	Sketches in Tone, Op.265			2026-09-24T15:06:41.775271+00:00
Sommertagsbilder, Op.161 (Reinecke, Carl)	Q159569	975820	https://imslp.org/wiki/Sommertagsbilder%2C_Op.161_%28Reinecke%2C_Carl%29	Sommertagsbilder, Op.161			2026-09-24T15:06:41.775271+00:00
2 Sonatas for 2 Pianos, Op.275 (Reinecke, Carl)	Q159569	112355	https://imslp.org/wiki/2_Sonatas_for_2_Pianos%2C_Op.275_%28Reinecke%2C_Carl%29	2 Sonatas for 2 Pianos, Op.275			2026-09-24T15:06:41.775271+00:00
Sonate für die Linke Hand alleine, Op.179 (Reinecke, Carl)	Q159569	26279	https://imslp.org/wiki/Sonate_f%C3%BCr_die_Linke_Hand_alleine%2C_Op.179_%28Reinecke%2C_Carl%29	Sonate für die Linke Hand alleine, Op.179	For 1 player|For piano left hand|Sonatas		2026-09-24T15:06:41.775271+00:00
6 Sonatinas for Piano 4 Hands, Op.127b (Reinecke, Carl)	Q159569	86786	https://imslp.org/wiki/6_Sonatinas_for_Piano_4_Hands%2C_Op.127b_%28Reinecke%2C_Carl%29	6 Sonatinas for Piano 4 Hands, Op.127b	For 1 player (arr)|For 2 players|For piano (arr)|For piano 4 hands		2026-09-24T15:06:41.775271+00:00
3 Sonatinas, Op.47 (Reinecke, Carl)	Q159569	33688	https://imslp.org/wiki/3_Sonatinas%2C_Op.47_%28Reinecke%2C_Carl%29	3 Sonatinas, Op.47	For 1 player|For piano|Sonatas		2026-09-24T15:06:41.775271+00:00
3 Sonatinas, Op.98 (Reinecke, Carl)	Q159569	84293	https://imslp.org/wiki/3_Sonatinas%2C_Op.98_%28Reinecke%2C_Carl%29	3 Sonatinas, Op.98	For 1 player|For piano|Sonatas		2026-09-24T15:06:41.775271+00:00
6 Sonatinas, Op.136 (Reinecke, Carl)	Q159569	33699	https://imslp.org/wiki/6_Sonatinas%2C_Op.136_%28Reinecke%2C_Carl%29	6 Sonatinas, Op.136	For 1 player|For piano|Sonatas		2026-09-24T15:06:41.775271+00:00
3 Sonatinas, Op.251 (Reinecke, Carl)	Q159569	515623	https://imslp.org/wiki/3_Sonatinas%2C_Op.251_%28Reinecke%2C_Carl%29	3 Sonatinas, Op.251			2026-09-24T15:06:41.775271+00:00
5 Sonatinen für die Jugend, Op.229 (Reinecke, Carl)	Q159569	1057734	https://imslp.org/wiki/5_Sonatinen_f%C3%BCr_die_Jugend%2C_Op.229_%28Reinecke%2C_Carl%29	5 Sonatinen für die Jugend, Op.229			2026-09-24T15:06:41.775271+00:00
4 Songs, Op.111 (Reinecke, Carl)	Q159569	75734	https://imslp.org/wiki/4_Songs%2C_Op.111_%28Reinecke%2C_Carl%29	4 Songs, Op.111	For voice, piano|For voices with keyboard|Songs		2026-09-24T15:06:41.775271+00:00
String Quartet No.2, Op.30 (Reinecke, Carl)	Q159569	134870	https://imslp.org/wiki/String_Quartet_No.2%2C_Op.30_%28Reinecke%2C_Carl%29	String Quartet No.2, Op.30			2026-09-24T15:06:41.775271+00:00
String Quartet No.3, Op.132 (Reinecke, Carl)	Q159569	1028391	https://imslp.org/wiki/String_Quartet_No.3%2C_Op.132_%28Reinecke%2C_Carl%29	String Quartet No.3, Op.132			2026-09-24T15:06:41.775271+00:00
String Quartet No.4, Op.211 (Reinecke, Carl)	Q159569	90268	https://imslp.org/wiki/String_Quartet_No.4%2C_Op.211_%28Reinecke%2C_Carl%29	String Quartet No.4, Op.211			2026-09-24T15:06:41.775271+00:00
String Trio, Op.249 (Reinecke, Carl)	Q159569	148419	https://imslp.org/wiki/String_Trio%2C_Op.249_%28Reinecke%2C_Carl%29	String Trio, Op.249			2026-09-24T15:06:41.775271+00:00
12 Studien in kanonischer Weise, Op.130 (Reinecke, Carl)	Q159569	34388	https://imslp.org/wiki/12_Studien_in_kanonischer_Weise%2C_Op.130_%28Reinecke%2C_Carl%29	12 Studien in kanonischer Weise, Op.130	For 2 players|For piano 4 hands		2026-09-24T15:06:41.775271+00:00
Suite for Piano, Op.169 (Reinecke, Carl)	Q159569	1316368	https://imslp.org/wiki/Suite_for_Piano%2C_Op.169_%28Reinecke%2C_Carl%29	Suite for Piano, Op.169			2026-09-24T15:06:41.775271+00:00
Suite, Op.153 (Reinecke, Carl)	Q159569	1027778	https://imslp.org/wiki/Suite%2C_Op.153_%28Reinecke%2C_Carl%29	Suite, Op.153			2026-09-24T15:06:41.775271+00:00
Symphony No.1, Op.79 (Reinecke, Carl)	Q159569	142693	https://imslp.org/wiki/Symphony_No.1%2C_Op.79_%28Reinecke%2C_Carl%29	Symphony No.1, Op.79			2026-09-24T15:06:41.775271+00:00
Symphony No.2, Op.134 (Reinecke, Carl)	Q159569	184406	https://imslp.org/wiki/Symphony_No.2%2C_Op.134_%28Reinecke%2C_Carl%29	Symphony No.2, Op.134			2026-09-24T15:06:41.775271+00:00
Symphony No.3, Op.227 (Reinecke, Carl)	Q159569	184411	https://imslp.org/wiki/Symphony_No.3%2C_Op.227_%28Reinecke%2C_Carl%29	Symphony No.3, Op.227			2026-09-24T15:06:41.775271+00:00
Te Deum laudamus, Op.78 (Reinecke, Carl)	Q159569	750354	https://imslp.org/wiki/Te_Deum_laudamus%2C_Op.78_%28Reinecke%2C_Carl%29	Te Deum laudamus, Op.78			2026-09-24T15:06:41.775271+00:00
Technische Uebungen und Studien, Op.149 (Reinecke, Carl)	Q159569	1548903	https://imslp.org/wiki/Technische_Uebungen_und_Studien%2C_Op.149_%28Reinecke%2C_Carl%29	Technische Uebungen und Studien, Op.149			2026-09-24T15:06:41.775271+00:00
Trauermarsch, Op.200 (Reinecke, Carl)	Q159569	38427	https://imslp.org/wiki/Trauermarsch%2C_Op.200_%28Reinecke%2C_Carl%29	Trauermarsch, Op.200	For 1 player|For piano|Marches		2026-09-24T15:06:41.775271+00:00
Trio for Piano, Clarinet, and Horn, Op.274 (Reinecke, Carl)	Q159569	155655	https://imslp.org/wiki/Trio_for_Piano%2C_Clarinet%2C_and_Horn%2C_Op.274_%28Reinecke%2C_Carl%29	Trio for Piano, Clarinet, and Horn, Op.274			2026-09-24T15:06:41.775271+00:00
Trio for Piano, Clarinet, and Viola, Op.264 (Reinecke, Carl)	Q159569	76664	https://imslp.org/wiki/Trio_for_Piano%2C_Clarinet%2C_and_Viola%2C_Op.264_%28Reinecke%2C_Carl%29	Trio for Piano, Clarinet, and Viola, Op.264	For 3 players|For clarinet, viola, piano		2026-09-24T15:06:41.775271+00:00
Trio for Piano, Oboe, and Horn, Op.188 (Reinecke, Carl)	Q159569	23446	https://imslp.org/wiki/Trio_for_Piano%2C_Oboe%2C_and_Horn%2C_Op.188_%28Reinecke%2C_Carl%29	Trio for Piano, Oboe, and Horn, Op.188	For 3 players|For oboe, horn, piano|Trios		2026-09-24T15:06:41.775271+00:00
Valse élégante, Op.36 (Reinecke, Carl)	Q159569	597179	https://imslp.org/wiki/Valse_%C3%A9l%C3%A9gante%2C_Op.36_%28Reinecke%2C_Carl%29	Valse élégante, Op.36			2026-09-24T15:06:41.775271+00:00
Variationen über eine Sarabande von J.S. Bach, Op.24 (Reinecke, Carl)	Q159569	26814	https://imslp.org/wiki/Variationen_%C3%BCber_eine_Sarabande_von_J.S._Bach%2C_Op.24_%28Reinecke%2C_Carl%29	Variationen über eine Sarabande von J.S. Bach, Op.24	For 2 pianos (arr)|For 2 players|For 2 players (arr)|For 4 flutes (arr)|For 4 players (arr)|For piano 4 hands|Variations		2026-09-24T15:06:41.775271+00:00
Variations on a Theme by J.S. Bach, Op.52 (Reinecke, Carl)	Q159569	33691	https://imslp.org/wiki/Variations_on_a_Theme_by_J.S._Bach%2C_Op.52_%28Reinecke%2C_Carl%29	Variations on a Theme by J.S. Bach, Op.52	For 1 player|For piano|Variations		2026-09-24T15:06:41.775271+00:00
Der vierjährige Posten, Op.45 (Reinecke, Carl)	Q159569	259142	https://imslp.org/wiki/Der_vierj%C3%A4hrige_Posten%2C_Op.45_%28Reinecke%2C_Carl%29	Der vierjährige Posten, Op.45			2026-09-24T15:06:41.775271+00:00
Violin Concerto, Op.141 (Reinecke, Carl)	Q159569	228623	https://imslp.org/wiki/Violin_Concerto%2C_Op.141_%28Reinecke%2C_Carl%29	Violin Concerto, Op.141			2026-09-24T15:06:41.775271+00:00
Violin Sonata, Op.116 (Reinecke, Carl)	Q159569	34432	https://imslp.org/wiki/Violin_Sonata%2C_Op.116_%28Reinecke%2C_Carl%29	Violin Sonata, Op.116	For 2 players|For violin, piano|Sonatas		2026-09-24T15:06:41.775271+00:00
Vom Bäumlein, das and're Blätter gewollt, Op.190 (Reinecke, Carl)	Q159569	828741	https://imslp.org/wiki/Vom_B%C3%A4umlein%2C_das_and%27re_Bl%C3%A4tter_gewollt%2C_Op.190_%28Reinecke%2C_Carl%29	Vom Bäumlein, das and're Blätter gewollt, Op.190			2026-09-24T15:06:41.775271+00:00
Von der Wiege bis zum Grabe, Op.202 (Reinecke, Carl)	Q159569	38684	https://imslp.org/wiki/Von_der_Wiege_bis_zum_Grabe%2C_Op.202_%28Reinecke%2C_Carl%29	Von der Wiege bis zum Grabe, Op.202	For 1 player|For 1 player (arr)|For 2 players|For 2 players (arr)|For flute, piano (arr)|For harmonium (arr)|For piano|For piano 4 hands|Pieces		2026-09-24T15:06:41.775271+00:00
Walzer-Caprice, Op.11 (Reinecke, Carl)	Q159569	726047	https://imslp.org/wiki/Walzer-Caprice%2C_Op.11_%28Reinecke%2C_Carl%29	Walzer-Caprice, Op.11			2026-09-24T15:06:41.775271+00:00
Walzer (Reinecke, Carl)	Q159569	1074762	https://imslp.org/wiki/Walzer_%28Reinecke%2C_Carl%29	Walzer			2026-09-24T15:06:41.775271+00:00
2 Weihnachtslieder, Op.240 (Reinecke, Carl)	Q159569	1124627	https://imslp.org/wiki/2_Weihnachtslieder%2C_Op.240_%28Reinecke%2C_Carl%29	2 Weihnachtslieder, Op.240			2026-09-24T15:06:41.775271+00:00
Weihnachtslied (Reinecke, Carl)	Q159569	1291413	https://imslp.org/wiki/Weihnachtslied_%28Reinecke%2C_Carl%29	Weihnachtslied			2026-09-24T15:06:41.775271+00:00
Die wilden Schwäne, Op.164 (Reinecke, Carl)	Q159569	828739	https://imslp.org/wiki/Die_wilden_Schw%C3%A4ne%2C_Op.164_%28Reinecke%2C_Carl%29	Die wilden Schwäne, Op.164			2026-09-24T15:06:41.775271+00:00
Wilhelm Tell, Op.102 (Reinecke, Carl)	Q159569	259149	https://imslp.org/wiki/Wilhelm_Tell%2C_Op.102_%28Reinecke%2C_Carl%29	Wilhelm Tell, Op.102	For 2 players (arr)|For piano 4 hands (arr)|For voices, male chorus, orchestra|For voices and chorus with orchestra		2026-09-24T15:06:41.775271+00:00
Wind Sextet, Op.271 (Reinecke, Carl)	Q159569	172574	https://imslp.org/wiki/Wind_Sextet%2C_Op.271_%28Reinecke%2C_Carl%29	Wind Sextet, Op.271	For 5 players (arr)|For 6 players|For flute, oboe, clarinet, bassoon, 2 horns|For flute, oboe, clarinet, bassoon, horn (arr)		2026-09-24T15:06:41.775271+00:00
Zenobia Overture, Op.193 (Reinecke, Carl)	Q159569	1174923	https://imslp.org/wiki/Zenobia_Overture%2C_Op.193_%28Reinecke%2C_Carl%29	Zenobia Overture, Op.193			2026-09-24T15:06:41.775271+00:00
Zur Jubelfeier, Op.166 (Reinecke, Carl)	Q159569	259153	https://imslp.org/wiki/Zur_Jubelfeier%2C_Op.166_%28Reinecke%2C_Carl%29	Zur Jubelfeier, Op.166			2026-09-24T15:06:41.775271+00:00
Zur Reformationsfeier Overture, Op.191 (Reinecke, Carl)	Q159569	1171363	https://imslp.org/wiki/Zur_Reformationsfeier_Overture%2C_Op.191_%28Reinecke%2C_Carl%29	Zur Reformationsfeier Overture, Op.191			2026-09-24T15:06:41.775271+00:00
Der blinde König, Op.39 (Hol, Richard)	Q350845	468851	https://imslp.org/wiki/Der_blinde_K%C3%B6nig%2C_Op.39_%28Hol%2C_Richard%29	Der blinde König, Op.39			2026-09-24T15:06:42.527332+00:00
David, Op.81 (Hol, Richard)	Q350845	468882	https://imslp.org/wiki/David%2C_Op.81_%28Hol%2C_Richard%29	David, Op.81			2026-09-24T15:06:42.527332+00:00
Erklärung, Op.51 (Hol, Richard)	Q350845	467893	https://imslp.org/wiki/Erkl%C3%A4rung%2C_Op.51_%28Hol%2C_Richard%29	Erklärung, Op.51	For 2 players (arr)|For orchestra|For piano 4 hands (arr)|Pieces		2026-09-24T15:06:42.527332+00:00
Mass, Op.28 (Hol, Richard)	Q350845	467897	https://imslp.org/wiki/Mass%2C_Op.28_%28Hol%2C_Richard%29	Mass, Op.28	For 3 voices, organ|For voices with keyboard|Masses		2026-09-24T15:06:42.527332+00:00
Mélodie Bohémienne, Op.117 (Hol, Richard)	Q350845	467895	https://imslp.org/wiki/M%C3%A9lodie_Boh%C3%A9mienne%2C_Op.117_%28Hol%2C_Richard%29	Mélodie Bohémienne, Op.117	For 1 player|For piano|Songs		2026-09-24T15:06:42.527332+00:00
Saïdjah, Op.30 (Hol, Richard)	Q350845	467907	https://imslp.org/wiki/Sa%C3%AFdjah%2C_Op.30_%28Hol%2C_Richard%29	Saïdjah, Op.30	For 2 players|For 2 players (arr)|For cello, piano|For viola, piano (arr)|For violin, piano|For violin, piano (arr)		2026-09-24T15:06:42.527332+00:00
Symphony No.1, Op.44 (Hol, Richard)	Q350845	467899	https://imslp.org/wiki/Symphony_No.1%2C_Op.44_%28Hol%2C_Richard%29	Symphony No.1, Op.44	For 2 players (arr)|For orchestra|For piano 4 hands (arr)|Symphonies		2026-09-24T15:06:42.527332+00:00
Symphony No.3, Op.101 (Hol, Richard)	Q350845	467904	https://imslp.org/wiki/Symphony_No.3%2C_Op.101_%28Hol%2C_Richard%29	Symphony No.3, Op.101	For 2 players (arr)|For orchestra|For piano 4 hands (arr)|Symphonies		2026-09-24T15:06:42.527332+00:00
