item	composer_id	stratum	stratum_size	stratum_sample	weight	recheck
C001	Q316280	not_pd/name	213	18	11.8333	false
C002	Q2422443	pd/name	41	8	5.125	false
C003	Q258329	pd/p839	619	31	19.9677	false
C004	Q79043	pd/p839	619	31	19.9677	false
C005	Q2157033	not_pd/not_found	1286	45	28.5778	false
C006	Q4938232	pd/name	41	8	5.125	false
C007	Q527936	not_pd/p839	319	22	14.5	true
C008	Q1173090	unknown_death/name	16	8	2.0	false
C009	Q457711	not_pd/not_found	1286	45	28.5778	false
C010	Q175282	pd/p839	619	31	19.9677	false
C011	Q134085	pd/not_found	97	11	8.8182	false
C012	Q435248	not_pd/name	213	18	11.8333	false
C013	Q3189262	pd/p839	619	31	19.9677	true
C014	Q165706	not_pd/name	213	18	11.8333	false
C015	Q1403025	not_pd/not_found	1286	45	28.5778	false
C016	Q215747	pd/p839	619	31	19.9677	false
C017	Q2758545	unknown_death/not_found	677	32	21.1562	false
C018	Q324435	not_pd/not_found	1286	45	28.5778	false
C019	Q923335	not_pd/name	213	18	11.8333	false
C020	Q2746982	imslp_rejected_or_unverified	16	8	2.0	true
C021	Q367717	not_pd/p839	319	22	14.5	false
C022	Q527705	pd/p839	619	31	19.9677	false
C023	Q123359	unknown_death/name	16	8	2.0	false
C024	Q918402	not_pd/not_found	1286	45	28.5778	false
C025	Q638638	pd/p839	619	31	19.9677	false
C026	Q505614	unknown_death/name	16	8	2.0	false
C027	Q678564	not_pd/name	213	18	11.8333	false
C028	Q6160622	unknown_death/not_found	677	32	21.1562	false
C029	Q544485	not_pd/name	213	18	11.8333	false
C030	Q3930934	imslp_rejected_or_unverified	16	8	2.0	false
C031	Q313554	not_pd/name	213	18	11.8333	false
C032	Q6183780	not_pd/not_found	1286	45	28.5778	false
C033	Q983899	unknown_death/p839	16	8	2.0	false
C034	Q1806028	not_pd/name	213	18	11.8333	false
C035	Q439572	unknown_death/not_found	677	32	21.1562	false
C036	Q1700403	imslp_rejected_or_unverified	16	8	2.0	false
C037	Q505062	pd/p839	619	31	19.9677	false
C038	Q5893512	pd/not_found	97	11	8.8182	false
C039	Q1541977	unknown_death/not_found	677	32	21.1562	false
C040	Q934621	unknown_death/p839	16	8	2.0	false
C041	Q2420478	pd/p839	619	31	19.9677	true
C042	Q4352979	unknown_death/not_found	677	32	21.1562	false
C043	Q619319	pd/p839	619	31	19.9677	true
C044	Q349760	unknown_death/not_found	677	32	21.1562	true
C045	Q706139	not_pd/p839	319	22	14.5	false
C046	Q2635891	unknown_death/not_found	677	32	21.1562	false
C047	Q4857559	unknown_death/not_found	677	32	21.1562	false
C048	Q7934832	unknown_death/not_found	677	32	21.1562	true
C049	Q2632350	not_pd/not_found	1286	45	28.5778	false
C050	Q1981224	not_pd/not_found	1286	45	28.5778	false
C051	Q64959	qa_flagged	69	9	7.6667	false
C052	Q721465	pd/p839	619	31	19.9677	false
C053	Q272886	not_pd/not_found	1286	45	28.5778	true
C054	Q2813877	unknown_death/p839	16	8	2.0	false
C055	Q4706275	unknown_death/not_found	677	32	21.1562	false
C056	Q633180	qa_flagged	69	9	7.6667	false
C057	Q709658	qa_flagged	69	9	7.6667	false
C058	Q288110	unknown_death/p839	16	8	2.0	false
C059	Q1685791	not_pd/p839	319	22	14.5	false
C060	Q11916146	not_pd/not_found	1286	45	28.5778	false
C061	Q1612258	not_pd/name	213	18	11.8333	true
C062	Q1178	pd/p839	619	31	19.9677	false
C063	Q328710	pd/p839	619	31	19.9677	false
C064	Q919267	not_pd/not_found	1286	45	28.5778	false
C065	Q4712072	not_pd/not_found	1286	45	28.5778	false
C066	Q5325920	unknown_death/not_found	677	32	21.1562	false
C067	Q465902	pd/p839	619	31	19.9677	false
C068	Q673401	not_pd/p839	319	22	14.5	false
C069	Q2833392	not_pd/p839	319	22	14.5	false
C070	Q6828685	unknown_death/not_found	677	32	21.1562	false
C071	Q727545	not_pd/not_found	1286	45	28.5778	false
C072	Q8029150	not_pd/not_found	1286	45	28.5778	false
C073	Q1795042	unknown_death/name	16	8	2.0	false
C074	Q5037600	pd/not_found	97	11	8.8182	false
C075	Q2691792	not_pd/not_found	1286	45	28.5778	false
C076	Q381436	qa_flagged	69	9	7.6667	false
C077	Q1527976	pd/p839	619	31	19.9677	false
C078	Q160451	not_pd/not_found	1286	45	28.5778	false
C079	Q7147350	unknown_death/not_found	677	32	21.1562	false
C080	Q292581	not_pd/not_found	1286	45	28.5778	false
C081	Q273213	unknown_death/not_found	677	32	21.1562	false
C082	Q4937641	unknown_death/not_found	677	32	21.1562	false
C083	Q6406413	qa_flagged	69	9	7.6667	false
C084	Q16105377	unknown_death/not_found	677	32	21.1562	false
C085	Q6757699	not_pd/not_found	1286	45	28.5778	false
C086	Q975526	not_pd/p839	319	22	14.5	false
C087	Q1604561	imslp_rejected_or_unverified	16	8	2.0	false
C088	Q553252	pd/p839	619	31	19.9677	false
C089	Q761027	pd/p839	619	31	19.9677	true
C090	Q2966113	not_pd/not_found	1286	45	28.5778	false
C091	Q918359	not_pd/p839	319	22	14.5	false
C092	Q769170	pd/not_found	97	11	8.8182	false
C093	Q5392839	not_pd/name	213	18	11.8333	false
C094	Q7493117	not_pd/not_found	1286	45	28.5778	true
C095	Q710220	not_pd/not_found	1286	45	28.5778	false
C096	Q499742	imslp_rejected_or_unverified	16	8	2.0	false
C097	Q2926088	not_pd/not_found	1286	45	28.5778	false
C098	Q945833	not_pd/p839	319	22	14.5	false
C099	Q6004693	not_pd/not_found	1286	45	28.5778	false
C100	Q506386	unknown_death/not_found	677	32	21.1562	false
C101	Q214497	not_pd/not_found	1286	45	28.5778	false
C102	Q707248	pd/name	41	8	5.125	false
C103	Q5565151	not_pd/not_found	1286	45	28.5778	false
C104	Q7453444	not_pd/p839	319	22	14.5	false
C105	Q5480502	pd/p839	619	31	19.9677	false
C106	Q496386	not_pd/p839	319	22	14.5	false
C107	Q6311579	unknown_death/not_found	677	32	21.1562	false
C108	Q822760	not_pd/p839	319	22	14.5	false
C109	Q365243	unknown_death/p839	16	8	2.0	false
C110	Q4734275	not_pd/not_found	1286	45	28.5778	false
C111	Q7367224	pd/p839	619	31	19.9677	false
C112	Q4989335	pd/p839	619	31	19.9677	false
C113	Q561954	not_pd/not_found	1286	45	28.5778	false
C114	Q367539	not_pd/name	213	18	11.8333	false
C115	Q69485	not_pd/not_found	1286	45	28.5778	false
C116	Q26689608	unknown_death/not_found	677	32	21.1562	true
C117	Q2975366	pd/p839	619	31	19.9677	false
C118	Q508270	not_pd/p839	319	22	14.5	false
C119	Q1934922	not_pd/p839	319	22	14.5	false
C120	Q16106906	unknown_death/not_found	677	32	21.1562	false
C121	Q1153170	not_pd/not_found	1286	45	28.5778	false
C122	Q2381947	not_pd/not_found	1286	45	28.5778	false
C123	Q7608789	imslp_rejected_or_unverified	16	8	2.0	false
C124	Q6172024	not_pd/not_found	1286	45	28.5778	false
C125	Q6153186	unknown_death/not_found	677	32	21.1562	false
C126	Q216582	pd/not_found	97	11	8.8182	false
C127	Q328021	not_pd/not_found	1286	45	28.5778	true
C128	Q7087973	qa_flagged	69	9	7.6667	false
C129	Q2060862	pd/not_found	97	11	8.8182	true
C130	Q296828	not_pd/p839	319	22	14.5	false
C131	Q373961	pd/name	41	8	5.125	false
C132	Q5081201	pd/not_found	97	11	8.8182	false
C133	Q4780102	unknown_death/not_found	677	32	21.1562	false
C134	Q590911	not_pd/name	213	18	11.8333	false
C135	Q1461106	pd/p839	619	31	19.9677	true
C136	Q6446115	pd/not_found	97	11	8.8182	false
C137	Q1559671	unknown_death/name	16	8	2.0	false
C138	Q550632	qa_flagged	69	9	7.6667	false
C139	Q699272	not_pd/name	213	18	11.8333	false
C140	Q368147	pd/p839	619	31	19.9677	false
C141	Q439786	unknown_death/not_found	677	32	21.1562	false
C142	Q16105550	not_pd/not_found	1286	45	28.5778	false
C143	Q3161780	unknown_death/not_found	677	32	21.1562	false
C144	Q286447	pd/p839	619	31	19.9677	false
C145	Q715137	not_pd/name	213	18	11.8333	false
C146	Q827852	pd/name	41	8	5.125	false
C147	Q6371693	not_pd/not_found	1286	45	28.5778	false
C148	Q912939	not_pd/p839	319	22	14.5	false
C149	Q958880	not_pd/name	213	18	11.8333	false
C150	Q880925	not_pd/not_found	1286	45	28.5778	false
C151	Q7025413	unknown_death/not_found	677	32	21.1562	true
C152	Q2341356	imslp_rejected_or_unverified	16	8	2.0	false
C153	Q110759	unknown_death/not_found	677	32	21.1562	false
C154	Q1354443	unknown_death/not_found	677	32	21.1562	true
C155	Q704611	pd/name	41	8	5.125	false
C156	Q820202	pd/p839	619	31	19.9677	false
C157	Q4701761	pd/name	41	8	5.125	true
C158	Q465713	unknown_death/not_found	677	32	21.1562	false
C159	Q5016032	not_pd/p839	319	22	14.5	false
C160	Q375661	pd/not_found	97	11	8.8182	false
C161	Q17465751	qa_flagged	69	9	7.6667	false
C162	Q270464	pd/p839	619	31	19.9677	false
C163	Q566338	unknown_death/name	16	8	2.0	false
C164	Q4713555	unknown_death/p839	16	8	2.0	false
C165	Q1873408	pd/not_found	97	11	8.8182	false
C166	Q550218	not_pd/p839	319	22	14.5	false
C167	Q5460555	pd/name	41	8	5.125	false
C168	Q724145	not_pd/not_found	1286	45	28.5778	false
C169	Q557246	not_pd/not_found	1286	45	28.5778	false
C170	Q1277459	not_pd/not_found	1286	45	28.5778	true
C171	Q6780025	pd/p839	619	31	19.9677	false
C172	Q48184	unknown_death/p839	16	8	2.0	false
C173	Q5335637	not_pd/not_found	1286	45	28.5778	false
C174	Q15434372	unknown_death/not_found	677	32	21.1562	false
C175	Q5506867	unknown_death/name	16	8	2.0	false
C176	Q6013167	not_pd/name	213	18	11.8333	false
C177	Q671147	not_pd/not_found	1286	45	28.5778	false
C178	Q1367950	not_pd/not_found	1286	45	28.5778	false
C179	Q515696	not_pd/not_found	1286	45	28.5778	false
C180	Q6244654	not_pd/not_found	1286	45	28.5778	false
C181	Q509461	not_pd/not_found	1286	45	28.5778	false
C182	Q5424003	not_pd/not_found	1286	45	28.5778	false
C183	Q6248414	unknown_death/not_found	677	32	21.1562	false
C184	Q66874	pd/p839	619	31	19.9677	false
C185	Q2606422	imslp_rejected_or_unverified	16	8	2.0	false
C186	Q346130	not_pd/name	213	18	11.8333	false
C187	Q714510	pd/not_found	97	11	8.8182	false
C188	Q713467	pd/p839	619	31	19.9677	false
C189	Q167978	unknown_death/not_found	677	32	21.1562	false
C190	Q5689011	qa_flagged	69	9	7.6667	false
C191	Q159569	pd/p839	619	31	19.9677	false
C192	Q516349	pd/p839	619	31	19.9677	false
C193	Q2356593	unknown_death/name	16	8	2.0	false
C194	Q518002	not_pd/p839	319	22	14.5	false
C195	Q7329196	unknown_death/p839	16	8	2.0	false
C196	Q273430	not_pd/p839	319	22	14.5	false
C197	Q191408	not_pd/p839	319	22	14.5	true
C198	Q6415644	unknown_death/not_found	677	32	21.1562	false
C199	Q1347576	not_pd/name	213	18	11.8333	false
C200	Q5298462	not_pd/p839	319	22	14.5	false
