item	work_id	composer	title	imslp_work_url	force_family	has_files	rights_basis	notes
W004	Rhapsodie (Ježek, Jaroslav)	Jaroslav Ježek	Rhapsodie	https://imslp.org/wiki/Rhapsodie_%28Je%C5%BEek%2C_Jaroslav%29				
W201	Violin Suite No.2 (Eckhardt-Gramatté, Sophie-Carmen)	Sophie Carmen Eckhardt-Gramatté	Violin Suite No.2	https://imslp.org/wiki/Violin_Suite_No.2_%28Eckhardt-Gramatt%C3%A9%2C_Sophie-Carmen%29				
W217	7 Sonatas for Solo Violin, Op.91 (Reger, Max)	Max Reger	7 Sonatas for Solo Violin, Op.91	https://imslp.org/wiki/7_Sonatas_for_Solo_Violin%2C_Op.91_%28Reger%2C_Max%29				
W233	Ave Verum, Op.166 (Bonis, Mel)	Mélanie Bonis	Ave Verum, Op.166	https://imslp.org/wiki/Ave_Verum%2C_Op.166_%28Bonis%2C_Mel%29				
W133	3 Danses espagnoles (Nin, Joaquín)	Joaquín Nin	3 Danses espagnoles	https://imslp.org/wiki/3_Danses_espagnoles_%28Nin%2C_Joaqu%C3%ADn%29				
W299	3 Lyrics, Op.10b (Dyson, George)	George Dyson	3 Lyrics, Op.10b	https://imslp.org/wiki/3_Lyrics%2C_Op.10b_%28Dyson%2C_George%29				
W153	Send Forth Thy Light (Balakirev, Mily)	Mily Balakirev	Send Forth Thy Light	https://imslp.org/wiki/Send_Forth_Thy_Light_%28Balakirev%2C_Mily%29				
W121	Serestas, W216 (Villa-Lobos, Heitor)	Heitor Villa-Lobos	Serestas, W216	https://imslp.org/wiki/Serestas%2C_W216_%28Villa-Lobos%2C_Heitor%29				
W208	The Nose Suite, Op.15a (Shostakovich, Dmitry)	Dmitri Shostakovich	The Nose Suite, Op.15a	https://imslp.org/wiki/The_Nose_Suite%2C_Op.15a_%28Shostakovich%2C_Dmitry%29				
W048	8 Lieder, Op.17 (Schoeck, Othmar)	Othmar Schoeck	8 Lieder, Op.17	https://imslp.org/wiki/8_Lieder%2C_Op.17_%28Schoeck%2C_Othmar%29				
W265	Kesäyö, Op.34a No.1 (Kuula, Toivo)	Toivo Kuula	Kesäyö, Op.34a No.1	https://imslp.org/wiki/Kes%C3%A4y%C3%B6%2C_Op.34a_No.1_%28Kuula%2C_Toivo%29				
W171	Torquato Tasso, Op.14 (Bungert, August)	August Bungert	Torquato Tasso, Op.14	https://imslp.org/wiki/Torquato_Tasso%2C_Op.14_%28Bungert%2C_August%29				
W032	3 Suites and Sonatas for Solo Violin, Op.68 (Röntgen, Julius)	Julius Röntgen	3 Suites and Sonatas for Solo Violin, Op.68	https://imslp.org/wiki/3_Suites_and_Sonatas_for_Solo_Violin%2C_Op.68_%28R%C3%B6ntgen%2C_Julius%29				
W062	Serenade for String Trio, Op.33 (Sinigaglia, Leone)	Leone Sinigaglia	Serenade for String Trio, Op.33	https://imslp.org/wiki/Serenade_for_String_Trio%2C_Op.33_%28Sinigaglia%2C_Leone%29				
W183	Zwei Lieder mit Klavier, Op.38 (Melartin, Erkki)	Erkki Melartin	Zwei Lieder mit Klavier, Op.38	https://imslp.org/wiki/Zwei_Lieder_mit_Klavier%2C_Op.38_%28Melartin%2C_Erkki%29				
W225	Violin Sonata, Op.112 (Bowen, York)	York Bowen	Violin Sonata, Op.112	https://imslp.org/wiki/Violin_Sonata%2C_Op.112_%28Bowen%2C_York%29				
W046	Festival Musick (Sowerby, Leo)	Leo Sowerby	Festival Musick	https://imslp.org/wiki/Festival_Musick_%28Sowerby%2C_Leo%29				
W105	Sonatina for Oboe and Piano, Op.11 (Reizenstein, Franz)	Franz Reizenstein	Sonatina for Oboe and Piano, Op.11	https://imslp.org/wiki/Sonatina_for_Oboe_and_Piano%2C_Op.11_%28Reizenstein%2C_Franz%29				
W298	3 Flute Pieces, SO 603 (Ornstein, Leo)	Leo Ornstein	3 Flute Pieces, SO 603	https://imslp.org/wiki/3_Flute_Pieces%2C_SO_603_%28Ornstein%2C_Leo%29				
W210	Le Fils des étoiles (Satie, Erik)	Erik Satie	Le Fils des étoiles	https://imslp.org/wiki/Le_Fils_des_%C3%A9toiles_%28Satie%2C_Erik%29				
W067	Canzone, Op.55 (Bruch, Max)	Max Bruch	Canzone, Op.55	https://imslp.org/wiki/Canzone%2C_Op.55_%28Bruch%2C_Max%29				
W269	Le nouveau-né (Bruneau, Alfred)	Alfred Bruneau	Le nouveau-né	https://imslp.org/wiki/Le_nouveau-n%C3%A9_%28Bruneau%2C_Alfred%29				
W228	3 Histoires pour enfants, K024 (Stravinsky, Igor)	Igor Stravinsky	3 Histoires pour enfants, K024	https://imslp.org/wiki/3_Histoires_pour_enfants%2C_K024_%28Stravinsky%2C_Igor%29				
W083	Kinderlieder (Eisler, Hanns)	Hanns Eisler	Kinderlieder	https://imslp.org/wiki/Kinderlieder_%28Eisler%2C_Hanns%29				
W040	Krakowiaki, Op.25 (Noskowski, Zygmunt)	Zygmunt Noskowski	Krakowiaki, Op.25	https://imslp.org/wiki/Krakowiaki%2C_Op.25_%28Noskowski%2C_Zygmunt%29				
W288	The 50 States Songs of The USA (Nichifor, Serban)	Șerban Nichifor	The 50 States Songs of The USA	https://imslp.org/wiki/The_50_States_Songs_of_The_USA_%28Nichifor%2C_Serban%29				
W227	Denne er dagen, som Herren har gjort (Nielsen, Ludolf)	Ludolf Nielsen	Denne er dagen, som Herren har gjort	https://imslp.org/wiki/Denne_er_dagen%2C_som_Herren_har_gjort_%28Nielsen%2C_Ludolf%29				
W282	Der Vetter aus Dingsda, Op.13 (Künneke, Eduard)	Eduard Künneke	Der Vetter aus Dingsda, Op.13	https://imslp.org/wiki/Der_Vetter_aus_Dingsda%2C_Op.13_%28K%C3%BCnneke%2C_Eduard%29				
W021	Fremad er verdens vilde røst (Eskesen, Morten)	Morten Eskesen	Fremad er verdens vilde røst	https://imslp.org/wiki/Fremad_er_verdens_vilde_r%C3%B8st_%28Eskesen%2C_Morten%29				
W070	2 Concert Valses, Op.22 (Kosenko, Viktor)	Viktor Kosenko	2 Concert Valses, Op.22	https://imslp.org/wiki/2_Concert_Valses%2C_Op.22_%28Kosenko%2C_Viktor%29				
